名称,カテゴリー,アドレス,アクセス,築年数,構造,階数,家賃,管理費,敷金,礼金,間取り,面積,URL
アーバンキャッスル田端,賃貸マンション,東京都荒川区西尾久４,ＪＲ高崎線/尾久駅 歩7分,築13年,13階建,3階,12万円,10000円,12万円,-,1LDK,43.18m2,https://suumo.jp/chintai/jnc_000073076567/?bc=100276073138
アーバンキャッスル田端,賃貸マンション,東京都荒川区西尾久４,ＪＲ山手線/田端駅 歩13分,築13年,13階建,3階,12万円,10000円,12万円,-,1LDK,43.18m2,https://suumo.jp/chintai/jnc_000073076567/?bc=100276073138
アーバンキャッスル田端,賃貸マンション,東京都荒川区西尾久４,日暮里・舎人ライナー/赤土小学校前駅 歩15分,築13年,13階建,3階,12万円,10000円,12万円,-,1LDK,43.18m2,https://suumo.jp/chintai/jnc_000073076567/?bc=100276073138
バークリー尾久,賃貸アパート,東京都荒川区西尾久８,ＪＲ高崎線/尾久駅 歩9分,築4年,3階建,2階,9.8万円,5000円,9.8万円,9.8万円,1LDK,35.57m2,https://suumo.jp/chintai/jnc_000044804452/?bc=100276109810
バークリー尾久,賃貸アパート,東京都荒川区西尾久８,ＪＲ京浜東北線/上中里駅 歩19分,築4年,3階建,2階,9.8万円,5000円,9.8万円,9.8万円,1LDK,35.57m2,https://suumo.jp/chintai/jnc_000044804452/?bc=100276109810
バークリー尾久,賃貸アパート,東京都荒川区西尾久８,ＪＲ京浜東北線/王子駅 歩20分,築4年,3階建,2階,9.8万円,5000円,9.8万円,9.8万円,1LDK,35.57m2,https://suumo.jp/chintai/jnc_000044804452/?bc=100276109810
グリーンパーク東日暮里,賃貸マンション,東京都荒川区東日暮里６,ＪＲ山手線/日暮里駅 歩9分,築15年,7階建,6階,16.8万円,10000円,16.8万円,16.8万円,2LDK,56.7m2,https://suumo.jp/chintai/jnc_000072842775/?bc=100275189819
グリーンパーク東日暮里,賃貸マンション,東京都荒川区東日暮里６,ＪＲ常磐線/三河島駅 歩3分,築15年,7階建,6階,16.8万円,10000円,16.8万円,16.8万円,2LDK,56.7m2,https://suumo.jp/chintai/jnc_000072842775/?bc=100275189819
グリーンパーク東日暮里,賃貸マンション,東京都荒川区東日暮里６,成田スカイアクセス/日暮里駅 歩9分,築15年,7階建,6階,16.8万円,10000円,16.8万円,16.8万円,2LDK,56.7m2,https://suumo.jp/chintai/jnc_000072842775/?bc=100275189819
アズーロ日暮里,賃貸アパート,東京都荒川区西日暮里２,ＪＲ山手線/日暮里駅 歩5分,築15年,3階建,2階,12万円,-,12万円,12万円,2DK,41.39m2,https://suumo.jp/chintai/jnc_000057271974/?bc=100276138007
アズーロ日暮里,賃貸アパート,東京都荒川区西日暮里２,ＪＲ山手線/日暮里駅 歩5分,築15年,3階建,2-3階,12万円,5000円,12万円,12万円,2DK,41.39m2,https://suumo.jp/chintai/jnc_000073086950/?bc=100276094132
アズーロ日暮里,賃貸アパート,東京都荒川区西日暮里２,ＪＲ山手線/西日暮里駅 歩6分,築15年,3階建,2階,12万円,-,12万円,12万円,2DK,41.39m2,https://suumo.jp/chintai/jnc_000057271974/?bc=100276138007
アズーロ日暮里,賃貸アパート,東京都荒川区西日暮里２,ＪＲ山手線/西日暮里駅 歩6分,築15年,3階建,2-3階,12万円,5000円,12万円,12万円,2DK,41.39m2,https://suumo.jp/chintai/jnc_000073086950/?bc=100276094132
アズーロ日暮里,賃貸アパート,東京都荒川区西日暮里２,ＪＲ常磐線/三河島駅 歩11分,築15年,3階建,2階,12万円,-,12万円,12万円,2DK,41.39m2,https://suumo.jp/chintai/jnc_000057271974/?bc=100276138007
アズーロ日暮里,賃貸アパート,東京都荒川区西日暮里２,ＪＲ常磐線/三河島駅 歩11分,築15年,3階建,2-3階,12万円,5000円,12万円,12万円,2DK,41.39m2,https://suumo.jp/chintai/jnc_000073086950/?bc=100276094132
東京メトロ日比谷線 三ノ輪駅 8階建 築17年,賃貸マンション,東京都荒川区東日暮里２,東京メトロ日比谷線/三ノ輪駅 歩8分,築17年,8階建,4階,13.6万円,7000円,-,13.6万円,1LDK,38.24m2,https://suumo.jp/chintai/jnc_000069221107/?bc=100256915504
東京メトロ日比谷線 三ノ輪駅 8階建 築17年,賃貸マンション,東京都荒川区東日暮里２,東京メトロ日比谷線/三ノ輪駅 歩8分,築17年,8階建,4階,13.5万円,10000円,-,13.5万円,1LDK,41.55m2,https://suumo.jp/chintai/jnc_000073063309/?bc=100276127049
東京メトロ日比谷線 三ノ輪駅 8階建 築17年,賃貸マンション,東京都荒川区東日暮里２,東京メトロ日比谷線/三ノ輪駅 歩8分,築17年,8階建,6階,13.6万円,10000円,-,13.6万円,1LDK,41.55m2,https://suumo.jp/chintai/jnc_000072815906/?bc=100274637144
東京メトロ日比谷線 三ノ輪駅 8階建 築17年,賃貸マンション,東京都荒川区東日暮里２,東京メトロ日比谷線/三ノ輪駅 歩8分,築17年,8階建,6階,13.6万円,10000円,-,13.6万円,1LDK,41.55m2,https://suumo.jp/chintai/jnc_000072850525/?bc=100274752745
東京メトロ日比谷線 三ノ輪駅 8階建 築17年,賃貸マンション,東京都荒川区東日暮里２,都電荒川線/荒川一中前駅 歩8分,築17年,8階建,4階,13.6万円,7000円,-,13.6万円,1LDK,38.24m2,https://suumo.jp/chintai/jnc_000069221107/?bc=100256915504
東京メトロ日比谷線 三ノ輪駅 8階建 築17年,賃貸マンション,東京都荒川区東日暮里２,都電荒川線/荒川一中前駅 歩8分,築17年,8階建,4階,13.5万円,10000円,-,13.5万円,1LDK,41.55m2,https://suumo.jp/chintai/jnc_000073063309/?bc=100276127049
東京メトロ日比谷線 三ノ輪駅 8階建 築17年,賃貸マンション,東京都荒川区東日暮里２,都電荒川線/荒川一中前駅 歩8分,築17年,8階建,6階,13.6万円,10000円,-,13.6万円,1LDK,41.55m2,https://suumo.jp/chintai/jnc_000072815906/?bc=100274637144
東京メトロ日比谷線 三ノ輪駅 8階建 築17年,賃貸マンション,東京都荒川区東日暮里２,都電荒川線/荒川一中前駅 歩8分,築17年,8階建,6階,13.6万円,10000円,-,13.6万円,1LDK,41.55m2,https://suumo.jp/chintai/jnc_000072850525/?bc=100274752745
東京メトロ日比谷線 三ノ輪駅 8階建 築17年,賃貸マンション,東京都荒川区東日暮里２,都電荒川線/三ノ輪橋駅 歩6分,築17年,8階建,4階,13.6万円,7000円,-,13.6万円,1LDK,38.24m2,https://suumo.jp/chintai/jnc_000069221107/?bc=100256915504
東京メトロ日比谷線 三ノ輪駅 8階建 築17年,賃貸マンション,東京都荒川区東日暮里２,都電荒川線/三ノ輪橋駅 歩6分,築17年,8階建,4階,13.5万円,10000円,-,13.5万円,1LDK,41.55m2,https://suumo.jp/chintai/jnc_000073063309/?bc=100276127049
東京メトロ日比谷線 三ノ輪駅 8階建 築17年,賃貸マンション,東京都荒川区東日暮里２,都電荒川線/三ノ輪橋駅 歩6分,築17年,8階建,6階,13.6万円,10000円,-,13.6万円,1LDK,41.55m2,https://suumo.jp/chintai/jnc_000072815906/?bc=100274637144
東京メトロ日比谷線 三ノ輪駅 8階建 築17年,賃貸マンション,東京都荒川区東日暮里２,都電荒川線/三ノ輪橋駅 歩6分,築17年,8階建,6階,13.6万円,10000円,-,13.6万円,1LDK,41.55m2,https://suumo.jp/chintai/jnc_000072850525/?bc=100274752745
ビスィクレート M special,賃貸マンション,東京都荒川区西日暮里１,京成本線/新三河島駅 歩2分,築16年,11階建,8階,15.3万円,8500円,15.3万円,15.3万円,2LDK,62.92m2,https://suumo.jp/chintai/jnc_000073063305/?bc=100276120859
ビスィクレート M special,賃貸マンション,東京都荒川区西日暮里１,京成本線/新三河島駅 歩2分,築16年,11階建,8階,15.3万円,11500円,15.3万円,15.3万円,2LDK,62.92m2,https://suumo.jp/chintai/jnc_000073070561/?bc=100275992152
ビスィクレート M special,賃貸マンション,東京都荒川区西日暮里１,ＪＲ常磐線/三河島駅 歩6分,築16年,11階建,8階,15.3万円,8500円,15.3万円,15.3万円,2LDK,62.92m2,https://suumo.jp/chintai/jnc_000073063305/?bc=100276120859
ビスィクレート M special,賃貸マンション,東京都荒川区西日暮里１,ＪＲ常磐線/三河島駅 歩6分,築16年,11階建,8階,15.3万円,11500円,15.3万円,15.3万円,2LDK,62.92m2,https://suumo.jp/chintai/jnc_000073070561/?bc=100275992152
ビスィクレート M special,賃貸マンション,東京都荒川区西日暮里１,東京メトロ千代田線/町屋駅 歩9分,築16年,11階建,8階,15.3万円,8500円,15.3万円,15.3万円,2LDK,62.92m2,https://suumo.jp/chintai/jnc_000073063305/?bc=100276120859
ビスィクレート M special,賃貸マンション,東京都荒川区西日暮里１,東京メトロ千代田線/町屋駅 歩9分,築16年,11階建,8階,15.3万円,11500円,15.3万円,15.3万円,2LDK,62.92m2,https://suumo.jp/chintai/jnc_000073070561/?bc=100275992152
ＪＲ京浜東北線 王子駅 4階建 築16年,賃貸マンション,東京都荒川区西尾久８,ＪＲ京浜東北線/王子駅 歩15分,築16年,4階建,2階,15万円,10000円,15万円,30万円,3LDK,61.99m2,https://suumo.jp/chintai/jnc_000072197924/?bc=100276135468
ＪＲ京浜東北線 王子駅 4階建 築16年,賃貸マンション,東京都荒川区西尾久８,ＪＲ高崎線/尾久駅 歩10分,築16年,4階建,2階,15万円,10000円,15万円,30万円,3LDK,61.99m2,https://suumo.jp/chintai/jnc_000072197924/?bc=100276135468
ＪＲ京浜東北線 王子駅 4階建 築16年,賃貸マンション,東京都荒川区西尾久８,都電荒川線/荒川車庫前駅 歩2分,築16年,4階建,2階,15万円,10000円,15万円,30万円,3LDK,61.99m2,https://suumo.jp/chintai/jnc_000072197924/?bc=100276135468
Ｆ・Ｄ　ＶＩＬＬＥ,賃貸マンション,東京都荒川区東日暮里６,ＪＲ山手線/西日暮里駅 歩14分,築13年,14階建,2階,9.5万円,8000円,-,4.75万円,1K,30.79m2,https://suumo.jp/chintai/jnc_000068184533/?bc=100273262925
Ｆ・Ｄ　ＶＩＬＬＥ,賃貸マンション,東京都荒川区東日暮里６,ＪＲ山手線/西日暮里駅 歩14分,築13年,14階建,2階,9.7万円,8000円,4.85万円,9.7万円,1K,30.79m2,https://suumo.jp/chintai/jnc_000070556844/?bc=100265062255
Ｆ・Ｄ　ＶＩＬＬＥ,賃貸マンション,東京都荒川区東日暮里６,ＪＲ山手線/西日暮里駅 歩14分,築13年,14階建,2階,9.7万円,8000円,-,-,1K,30.79m2,https://suumo.jp/chintai/jnc_000070019585/?bc=100269168989
Ｆ・Ｄ　ＶＩＬＬＥ,賃貸マンション,東京都荒川区東日暮里６,ＪＲ山手線/西日暮里駅 歩14分,築13年,14階建,4階,10万円,8000円,-,-,1K,30.49m2,https://suumo.jp/chintai/jnc_000068718259/?bc=100252703719
Ｆ・Ｄ　ＶＩＬＬＥ,賃貸マンション,東京都荒川区東日暮里６,ＪＲ山手線/西日暮里駅 歩14分,築13年,14階建,14階,18万円,10000円,-,18万円,1SLDK,64.36m2,https://suumo.jp/chintai/jnc_000072565416/?bc=100273264066
Ｆ・Ｄ　ＶＩＬＬＥ,賃貸マンション,東京都荒川区東日暮里６,ＪＲ常磐線/三河島駅 歩4分,築13年,14階建,2階,9.5万円,8000円,-,4.75万円,1K,30.79m2,https://suumo.jp/chintai/jnc_000068184533/?bc=100273262925
Ｆ・Ｄ　ＶＩＬＬＥ,賃貸マンション,東京都荒川区東日暮里６,ＪＲ常磐線/三河島駅 歩4分,築13年,14階建,2階,9.7万円,8000円,4.85万円,9.7万円,1K,30.79m2,https://suumo.jp/chintai/jnc_000070556844/?bc=100265062255
Ｆ・Ｄ　ＶＩＬＬＥ,賃貸マンション,東京都荒川区東日暮里６,ＪＲ常磐線/三河島駅 歩4分,築13年,14階建,2階,9.7万円,8000円,-,-,1K,30.79m2,https://suumo.jp/chintai/jnc_000070019585/?bc=100269168989
Ｆ・Ｄ　ＶＩＬＬＥ,賃貸マンション,東京都荒川区東日暮里６,ＪＲ常磐線/三河島駅 歩4分,築13年,14階建,4階,10万円,8000円,-,-,1K,30.49m2,https://suumo.jp/chintai/jnc_000068718259/?bc=100252703719
Ｆ・Ｄ　ＶＩＬＬＥ,賃貸マンション,東京都荒川区東日暮里６,ＪＲ常磐線/三河島駅 歩4分,築13年,14階建,14階,18万円,10000円,-,18万円,1SLDK,64.36m2,https://suumo.jp/chintai/jnc_000072565416/?bc=100273264066
Ｆ・Ｄ　ＶＩＬＬＥ,賃貸マンション,東京都荒川区東日暮里６,ＪＲ山手線/日暮里駅 歩10分,築13年,14階建,2階,9.5万円,8000円,-,4.75万円,1K,30.79m2,https://suumo.jp/chintai/jnc_000068184533/?bc=100273262925
Ｆ・Ｄ　ＶＩＬＬＥ,賃貸マンション,東京都荒川区東日暮里６,ＪＲ山手線/日暮里駅 歩10分,築13年,14階建,2階,9.7万円,8000円,4.85万円,9.7万円,1K,30.79m2,https://suumo.jp/chintai/jnc_000070556844/?bc=100265062255
Ｆ・Ｄ　ＶＩＬＬＥ,賃貸マンション,東京都荒川区東日暮里６,ＪＲ山手線/日暮里駅 歩10分,築13年,14階建,2階,9.7万円,8000円,-,-,1K,30.79m2,https://suumo.jp/chintai/jnc_000070019585/?bc=100269168989
Ｆ・Ｄ　ＶＩＬＬＥ,賃貸マンション,東京都荒川区東日暮里６,ＪＲ山手線/日暮里駅 歩10分,築13年,14階建,4階,10万円,8000円,-,-,1K,30.49m2,https://suumo.jp/chintai/jnc_000068718259/?bc=100252703719
Ｆ・Ｄ　ＶＩＬＬＥ,賃貸マンション,東京都荒川区東日暮里６,ＪＲ山手線/日暮里駅 歩10分,築13年,14階建,14階,18万円,10000円,-,18万円,1SLDK,64.36m2,https://suumo.jp/chintai/jnc_000072565416/?bc=100273264066
東京メトロ千代田線 町屋駅 3階建 築6年,賃貸アパート,東京都荒川区町屋２,東京メトロ千代田線/町屋駅 歩6分,築6年,3階建,1階,7.7万円,8000円,-,-,1DK,28.56m2,https://suumo.jp/chintai/jnc_000073097517/?bc=100276155076
東京メトロ千代田線 町屋駅 3階建 築6年,賃貸アパート,東京都荒川区町屋２,東京メトロ千代田線/町屋駅 歩6分,築6年,3階建,1-2階,7.8万円,8000円,-,-,1DK,28.56m2,https://suumo.jp/chintai/jnc_000060495503/?bc=100275582628
東京メトロ千代田線 町屋駅 3階建 築6年,賃貸アパート,東京都荒川区町屋２,東京メトロ千代田線/町屋駅 歩6分,築6年,3階建,1階,7.85万円,8000円,-,-,1DK,28.56m2,https://suumo.jp/chintai/jnc_000072727934/?bc=100271174217
東京メトロ千代田線 町屋駅 3階建 築6年,賃貸アパート,東京都荒川区町屋２,都電荒川線/町屋二丁目駅 歩2分,築6年,3階建,1階,7.7万円,8000円,-,-,1DK,28.56m2,https://suumo.jp/chintai/jnc_000073097517/?bc=100276155076
東京メトロ千代田線 町屋駅 3階建 築6年,賃貸アパート,東京都荒川区町屋２,都電荒川線/町屋二丁目駅 歩2分,築6年,3階建,1-2階,7.8万円,8000円,-,-,1DK,28.56m2,https://suumo.jp/chintai/jnc_000060495503/?bc=100275582628
東京メトロ千代田線 町屋駅 3階建 築6年,賃貸アパート,東京都荒川区町屋２,都電荒川線/町屋二丁目駅 歩2分,築6年,3階建,1階,7.85万円,8000円,-,-,1DK,28.56m2,https://suumo.jp/chintai/jnc_000072727934/?bc=100271174217
東京メトロ千代田線 町屋駅 3階建 築6年,賃貸アパート,東京都荒川区町屋２,京成本線/町屋駅 歩7分,築6年,3階建,1階,7.7万円,8000円,-,-,1DK,28.56m2,https://suumo.jp/chintai/jnc_000073097517/?bc=100276155076
東京メトロ千代田線 町屋駅 3階建 築6年,賃貸アパート,東京都荒川区町屋２,京成本線/町屋駅 歩7分,築6年,3階建,1-2階,7.8万円,8000円,-,-,1DK,28.56m2,https://suumo.jp/chintai/jnc_000060495503/?bc=100275582628
東京メトロ千代田線 町屋駅 3階建 築6年,賃貸アパート,東京都荒川区町屋２,京成本線/町屋駅 歩7分,築6年,3階建,1階,7.85万円,8000円,-,-,1DK,28.56m2,https://suumo.jp/chintai/jnc_000072727934/?bc=100271174217
堀切１丁目戸建,賃貸一戸建て,東京都葛飾区堀切１,京成本線/堀切菖蒲園駅 歩11分,築4年,2階建,2-1階,14.5万円,-,-,14.5万円,3LDK,77.83m2,https://suumo.jp/chintai/jnc_000073056226/?bc=100276026445
堀切１丁目戸建,賃貸一戸建て,東京都葛飾区堀切１,京成押上線/四ツ木駅 歩18分,築4年,2階建,2-1階,14.5万円,-,-,14.5万円,3LDK,77.83m2,https://suumo.jp/chintai/jnc_000073056226/?bc=100276026445
堀切１丁目戸建,賃貸一戸建て,東京都葛飾区堀切１,東武伊勢崎線/堀切駅 歩19分,築4年,2階建,2-1階,14.5万円,-,-,14.5万円,3LDK,77.83m2,https://suumo.jp/chintai/jnc_000073056226/?bc=100276026445
コルトンハイツ,賃貸マンション,東京都荒川区西日暮里５,ＪＲ山手線/西日暮里駅 歩4分,築21年,6階建,3階,13万円,10000円,13万円,13万円,1LDK,42.93m2,https://suumo.jp/chintai/jnc_000060540344/?bc=100270623499
コルトンハイツ,賃貸マンション,東京都荒川区西日暮里５,ＪＲ山手線/西日暮里駅 歩4分,築21年,6階建,2階,13万円,10000円,13万円,13万円,1LDK,42.93m2,https://suumo.jp/chintai/jnc_000056705446/?bc=100273415012
コルトンハイツ,賃貸マンション,東京都荒川区西日暮里５,ＪＲ山手線/西日暮里駅 歩4分,築21年,6階建,5階,13万円,10000円,13万円,13万円,1LDK,42.93m2,https://suumo.jp/chintai/jnc_000068033407/?bc=100272540083
コルトンハイツ,賃貸マンション,東京都荒川区西日暮里５,ＪＲ山手線/西日暮里駅 歩4分,築21年,6階建,4階,14万円,10000円,14万円,14万円,1LDK,42.93m2,https://suumo.jp/chintai/jnc_000071555435/?bc=100268591890
コルトンハイツ,賃貸マンション,東京都荒川区西日暮里５,ＪＲ山手線/日暮里駅 歩9分,築21年,6階建,3階,13万円,10000円,13万円,13万円,1LDK,42.93m2,https://suumo.jp/chintai/jnc_000060540344/?bc=100270623499
コルトンハイツ,賃貸マンション,東京都荒川区西日暮里５,ＪＲ山手線/日暮里駅 歩9分,築21年,6階建,2階,13万円,10000円,13万円,13万円,1LDK,42.93m2,https://suumo.jp/chintai/jnc_000056705446/?bc=100273415012
コルトンハイツ,賃貸マンション,東京都荒川区西日暮里５,ＪＲ山手線/日暮里駅 歩9分,築21年,6階建,5階,13万円,10000円,13万円,13万円,1LDK,42.93m2,https://suumo.jp/chintai/jnc_000068033407/?bc=100272540083
コルトンハイツ,賃貸マンション,東京都荒川区西日暮里５,ＪＲ山手線/日暮里駅 歩9分,築21年,6階建,4階,14万円,10000円,14万円,14万円,1LDK,42.93m2,https://suumo.jp/chintai/jnc_000071555435/?bc=100268591890
コルトンハイツ,賃貸マンション,東京都荒川区西日暮里５,ＪＲ山手線/田端駅 歩15分,築21年,6階建,3階,13万円,10000円,13万円,13万円,1LDK,42.93m2,https://suumo.jp/chintai/jnc_000060540344/?bc=100270623499
コルトンハイツ,賃貸マンション,東京都荒川区西日暮里５,ＪＲ山手線/田端駅 歩15分,築21年,6階建,2階,13万円,10000円,13万円,13万円,1LDK,42.93m2,https://suumo.jp/chintai/jnc_000056705446/?bc=100273415012
コルトンハイツ,賃貸マンション,東京都荒川区西日暮里５,ＪＲ山手線/田端駅 歩15分,築21年,6階建,5階,13万円,10000円,13万円,13万円,1LDK,42.93m2,https://suumo.jp/chintai/jnc_000068033407/?bc=100272540083
コルトンハイツ,賃貸マンション,東京都荒川区西日暮里５,ＪＲ山手線/田端駅 歩15分,築21年,6階建,4階,14万円,10000円,14万円,14万円,1LDK,42.93m2,https://suumo.jp/chintai/jnc_000071555435/?bc=100268591890
ヴィラルーエ,賃貸マンション,東京都荒川区西尾久４,ＪＲ山手線/田端駅 歩10分,築3年,4階建,1階,11.7万円,6000円,11.7万円,11.7万円,1LDK,39.8m2,https://suumo.jp/chintai/jnc_000072857086/?bc=100274784564
ヴィラルーエ,賃貸マンション,東京都荒川区西尾久４,ＪＲ山手線/田端駅 歩10分,築3年,4階建,4階,12.7万円,6000円,12.7万円,25.4万円,1LDK,45.58m2,https://suumo.jp/chintai/jnc_000072602878/?bc=100273462236
ヴィラルーエ,賃貸マンション,東京都荒川区西尾久４,ＪＲ宇都宮線/尾久駅 歩10分,築3年,4階建,1階,11.7万円,6000円,11.7万円,11.7万円,1LDK,39.8m2,https://suumo.jp/chintai/jnc_000072857086/?bc=100274784564
ヴィラルーエ,賃貸マンション,東京都荒川区西尾久４,ＪＲ宇都宮線/尾久駅 歩10分,築3年,4階建,4階,12.7万円,6000円,12.7万円,25.4万円,1LDK,45.58m2,https://suumo.jp/chintai/jnc_000072602878/?bc=100273462236
ヴィラルーエ,賃貸マンション,東京都荒川区西尾久４,東京メトロ千代田線/西日暮里駅 歩19分,築3年,4階建,1階,11.7万円,6000円,11.7万円,11.7万円,1LDK,39.8m2,https://suumo.jp/chintai/jnc_000072857086/?bc=100274784564
ヴィラルーエ,賃貸マンション,東京都荒川区西尾久４,東京メトロ千代田線/西日暮里駅 歩19分,築3年,4階建,4階,12.7万円,6000円,12.7万円,25.4万円,1LDK,45.58m2,https://suumo.jp/chintai/jnc_000072602878/?bc=100273462236
PAPILLON,賃貸マンション,東京都荒川区町屋８,東京メトロ千代田線/町屋駅 歩9分,築11年,8階建,2階,10.3万円,7000円,5.15万円,10.3万円,1DK,42.16m2,https://suumo.jp/chintai/jnc_000027223273/?bc=100275629488
PAPILLON,賃貸マンション,東京都荒川区町屋８,京成本線/町屋駅 歩9分,築11年,8階建,2階,10.3万円,7000円,5.15万円,10.3万円,1DK,42.16m2,https://suumo.jp/chintai/jnc_000027223273/?bc=100275629488
PAPILLON,賃貸マンション,東京都荒川区町屋８,都電荒川線/荒川七丁目駅 歩10分,築11年,8階建,2階,10.3万円,7000円,5.15万円,10.3万円,1DK,42.16m2,https://suumo.jp/chintai/jnc_000027223273/?bc=100275629488
バージュアル西日暮里,賃貸マンション,東京都荒川区西日暮里６,ＪＲ山手線/西日暮里駅 歩5分,築13年,11階建,3階,7.8万円,10000円,-,-,1K,25.05m2,https://suumo.jp/chintai/jnc_000071696303/?bc=100268777953
バージュアル西日暮里,賃貸マンション,東京都荒川区西日暮里６,ＪＲ山手線/西日暮里駅 歩5分,築13年,11階建,4階,7.9万円,10000円,-,-,1K,25.02m2,https://suumo.jp/chintai/jnc_000072871107/?bc=100275088699
バージュアル西日暮里,賃貸マンション,東京都荒川区西日暮里６,ＪＲ山手線/西日暮里駅 歩5分,築13年,11階建,3階,7.95万円,10000円,-,-,1K,25.59m2,https://suumo.jp/chintai/jnc_000042842746/?bc=100275516782
バージュアル西日暮里,賃貸マンション,東京都荒川区西日暮里６,京成本線/新三河島駅 歩6分,築13年,11階建,3階,7.8万円,10000円,-,-,1K,25.05m2,https://suumo.jp/chintai/jnc_000071696303/?bc=100268777953
バージュアル西日暮里,賃貸マンション,東京都荒川区西日暮里６,京成本線/新三河島駅 歩6分,築13年,11階建,4階,7.9万円,10000円,-,-,1K,25.02m2,https://suumo.jp/chintai/jnc_000072871107/?bc=100275088699
バージュアル西日暮里,賃貸マンション,東京都荒川区西日暮里６,京成本線/新三河島駅 歩6分,築13年,11階建,3階,7.95万円,10000円,-,-,1K,25.59m2,https://suumo.jp/chintai/jnc_000042842746/?bc=100275516782
バージュアル西日暮里,賃貸マンション,東京都荒川区西日暮里６,ＪＲ常磐線/三河島駅 歩12分,築13年,11階建,3階,7.8万円,10000円,-,-,1K,25.05m2,https://suumo.jp/chintai/jnc_000071696303/?bc=100268777953
バージュアル西日暮里,賃貸マンション,東京都荒川区西日暮里６,ＪＲ常磐線/三河島駅 歩12分,築13年,11階建,4階,7.9万円,10000円,-,-,1K,25.02m2,https://suumo.jp/chintai/jnc_000072871107/?bc=100275088699
バージュアル西日暮里,賃貸マンション,東京都荒川区西日暮里６,ＪＲ常磐線/三河島駅 歩12分,築13年,11階建,3階,7.95万円,10000円,-,-,1K,25.59m2,https://suumo.jp/chintai/jnc_000042842746/?bc=100275516782
ＴＲＡＤＩＳＮＩＰＰＯＲＩ．Ｓ,賃貸マンション,東京都荒川区東日暮里５,ＪＲ山手線/日暮里駅 歩7分,築13年,9階建,6階,7.8万円,14000円,-,-,1K,25.32m2,https://suumo.jp/chintai/jnc_000073011217/?bc=100272741197
ＴＲＡＤＩＳＮＩＰＰＯＲＩ．Ｓ,賃貸マンション,東京都荒川区東日暮里５,ＪＲ山手線/日暮里駅 歩7分,築13年,9階建,5階,7.9万円,14000円,-,-,1K,25.84m2,https://suumo.jp/chintai/jnc_000068566635/?bc=100251962861
ＴＲＡＤＩＳＮＩＰＰＯＲＩ．Ｓ,賃貸マンション,東京都荒川区東日暮里５,東京メトロ日比谷線/入谷駅 歩13分,築13年,9階建,6階,7.8万円,14000円,-,-,1K,25.32m2,https://suumo.jp/chintai/jnc_000073011217/?bc=100272741197
ＴＲＡＤＩＳＮＩＰＰＯＲＩ．Ｓ,賃貸マンション,東京都荒川区東日暮里５,東京メトロ日比谷線/入谷駅 歩13分,築13年,9階建,5階,7.9万円,14000円,-,-,1K,25.84m2,https://suumo.jp/chintai/jnc_000068566635/?bc=100251962861
ＴＲＡＤＩＳＮＩＰＰＯＲＩ．Ｓ,賃貸マンション,東京都荒川区東日暮里５,ＪＲ京浜東北線/西日暮里駅 歩16分,築13年,9階建,6階,7.8万円,14000円,-,-,1K,25.32m2,https://suumo.jp/chintai/jnc_000073011217/?bc=100272741197
ＴＲＡＤＩＳＮＩＰＰＯＲＩ．Ｓ,賃貸マンション,東京都荒川区東日暮里５,ＪＲ京浜東北線/西日暮里駅 歩16分,築13年,9階建,5階,7.9万円,14000円,-,-,1K,25.84m2,https://suumo.jp/chintai/jnc_000068566635/?bc=100251962861
ウインド・フィル,賃貸アパート,東京都足立区皿沼３,日暮里・舎人ライナー/谷在家駅 歩9分,築10年,3階建,1階,9.8万円,4800円,-,4.9万円,2LDK,56.71m2,https://suumo.jp/chintai/jnc_000073063468/?bc=100275950034
ウインド・フィル,賃貸アパート,東京都足立区皿沼３,日暮里・舎人ライナー/谷在家駅 歩9分,築10年,3階建,1階,9.8万円,5300円,-,4.9万円,2LDK,56.71m2,https://suumo.jp/chintai/jnc_000073049914/?bc=100276118804
ウインド・フィル,賃貸アパート,東京都足立区皿沼３,東武伊勢崎線/竹ノ塚駅 歩30分,築10年,3階建,1階,9.8万円,4800円,-,4.9万円,2LDK,56.71m2,https://suumo.jp/chintai/jnc_000073063468/?bc=100275950034
ウインド・フィル,賃貸アパート,東京都足立区皿沼３,東武伊勢崎線/竹ノ塚駅 歩30分,築10年,3階建,1階,9.8万円,5300円,-,4.9万円,2LDK,56.71m2,https://suumo.jp/chintai/jnc_000073049914/?bc=100276118804
ウインド・フィル,賃貸アパート,東京都足立区皿沼３,東武大師線/大師前駅 歩30分,築10年,3階建,1階,9.8万円,4800円,-,4.9万円,2LDK,56.71m2,https://suumo.jp/chintai/jnc_000073063468/?bc=100275950034
ウインド・フィル,賃貸アパート,東京都足立区皿沼３,東武大師線/大師前駅 歩30分,築10年,3階建,1階,9.8万円,5300円,-,4.9万円,2LDK,56.71m2,https://suumo.jp/chintai/jnc_000073049914/?bc=100276118804
ソフィア葛西,賃貸マンション,東京都江戸川区中葛西５,東京メトロ東西線/葛西駅 歩6分,築20年,7階建,2階,12万円,8000円,12万円,-,2LDK,52.51m2,https://suumo.jp/chintai/jnc_000013550955/?bc=100276134953
ソフィア葛西,賃貸マンション,東京都江戸川区中葛西５,東京メトロ東西線/西葛西駅 歩12分,築20年,7階建,2階,12万円,8000円,12万円,-,2LDK,52.51m2,https://suumo.jp/chintai/jnc_000013550955/?bc=100276134953
ソフィア葛西,賃貸マンション,東京都江戸川区中葛西５,ＪＲ京葉線/葛西臨海公園駅 バス15分 (バス停)葛西駅前 歩8分,築20年,7階建,2階,12万円,8000円,12万円,-,2LDK,52.51m2,https://suumo.jp/chintai/jnc_000013550955/?bc=100276134953
日暮里・舎人ライナー 熊野前駅 5階建 築11年,賃貸マンション,東京都荒川区東尾久８,日暮里・舎人ライナー/熊野前駅 歩1分,築11年,5階建,3階,14.4万円,6000円,14.4万円,14.4万円,2DK,51.12m2,https://suumo.jp/chintai/jnc_000073070570/?bc=100276148676
日暮里・舎人ライナー 熊野前駅 5階建 築11年,賃貸マンション,東京都荒川区東尾久８,日暮里・舎人ライナー/熊野前駅 歩1分,築11年,5階建,3階,17万円,8000円,17万円,17万円,2LDK,60.63m2,https://suumo.jp/chintai/jnc_000073070569/?bc=100275989402
日暮里・舎人ライナー 熊野前駅 5階建 築11年,賃貸マンション,東京都荒川区東尾久８,日暮里・舎人ライナー/足立小台駅 歩9分,築11年,5階建,3階,14.4万円,6000円,14.4万円,14.4万円,2DK,51.12m2,https://suumo.jp/chintai/jnc_000073070570/?bc=100276148676
日暮里・舎人ライナー 熊野前駅 5階建 築11年,賃貸マンション,東京都荒川区東尾久８,日暮里・舎人ライナー/足立小台駅 歩9分,築11年,5階建,3階,17万円,8000円,17万円,17万円,2LDK,60.63m2,https://suumo.jp/chintai/jnc_000073070569/?bc=100275989402
日暮里・舎人ライナー 熊野前駅 5階建 築11年,賃貸マンション,東京都荒川区東尾久８,日暮里・舎人ライナー/赤土小学校前駅 歩10分,築11年,5階建,3階,14.4万円,6000円,14.4万円,14.4万円,2DK,51.12m2,https://suumo.jp/chintai/jnc_000073070570/?bc=100276148676
日暮里・舎人ライナー 熊野前駅 5階建 築11年,賃貸マンション,東京都荒川区東尾久８,日暮里・舎人ライナー/赤土小学校前駅 歩10分,築11年,5階建,3階,17万円,8000円,17万円,17万円,2LDK,60.63m2,https://suumo.jp/chintai/jnc_000073070569/?bc=100275989402
シャーメゾン青井,賃貸マンション,東京都足立区青井４,つくばエクスプレス/青井駅 歩4分,築9年,3階建,1階,10.4万円,3000円,10.4万円,10.4万円,2LDK,51.77m2,https://suumo.jp/chintai/jnc_000073097665/?bc=100276124862
シャーメゾン青井,賃貸マンション,東京都足立区青井４,東武伊勢崎線/五反野駅 歩22分,築9年,3階建,1階,10.4万円,3000円,10.4万円,10.4万円,2LDK,51.77m2,https://suumo.jp/chintai/jnc_000073097665/?bc=100276124862
シャーメゾン青井,賃貸マンション,東京都足立区青井４,つくばエクスプレス/六町駅 歩22分,築9年,3階建,1階,10.4万円,3000円,10.4万円,10.4万円,2LDK,51.77m2,https://suumo.jp/chintai/jnc_000073097665/?bc=100276124862
Klause N,賃貸アパート,東京都葛飾区東金町３,ＪＲ常磐線/金町駅 歩7分,築7年,3階建,3階,11.2万円,5000円,-,22.4万円,1LDK,41.37m2,https://suumo.jp/chintai/jnc_000072994178/?bc=100275648374
Klause N,賃貸アパート,東京都葛飾区東金町３,ＪＲ常磐線/金町駅 歩7分,築7年,3階建,3階,11.2万円,5500円,-,22.4万円,1LDK,41.37m2,https://suumo.jp/chintai/jnc_000072986877/?bc=100275818045
Klause N,賃貸アパート,東京都葛飾区東金町３,京成金町線/京成金町駅 歩8分,築7年,3階建,3階,11.2万円,5000円,-,22.4万円,1LDK,41.37m2,https://suumo.jp/chintai/jnc_000072994178/?bc=100275648374
Klause N,賃貸アパート,東京都葛飾区東金町３,京成金町線/京成金町駅 歩8分,築7年,3階建,3階,11.2万円,5500円,-,22.4万円,1LDK,41.37m2,https://suumo.jp/chintai/jnc_000072986877/?bc=100275818045
Klause N,賃貸アパート,東京都葛飾区東金町３,京成金町線/柴又駅 歩28分,築7年,3階建,3階,11.2万円,5000円,-,22.4万円,1LDK,41.37m2,https://suumo.jp/chintai/jnc_000072994178/?bc=100275648374
Klause N,賃貸アパート,東京都葛飾区東金町３,京成金町線/柴又駅 歩28分,築7年,3階建,3階,11.2万円,5500円,-,22.4万円,1LDK,41.37m2,https://suumo.jp/chintai/jnc_000072986877/?bc=100275818045
イノセンス,賃貸マンション,東京都葛飾区鎌倉４,京成本線/京成小岩駅 歩6分,築3年,3階建,1階,8.3万円,4000円,8.3万円,-,1LDK,35.78m2,https://suumo.jp/chintai/jnc_000073070781/?bc=100275984576
イノセンス,賃貸マンション,東京都葛飾区鎌倉４,北総線/新柴又駅 歩11分,築3年,3階建,1階,8.3万円,4000円,8.3万円,-,1LDK,35.78m2,https://suumo.jp/chintai/jnc_000073070781/?bc=100275984576
イノセンス,賃貸マンション,東京都葛飾区鎌倉４,京成本線/江戸川駅 歩22分,築3年,3階建,1階,8.3万円,4000円,8.3万円,-,1LDK,35.78m2,https://suumo.jp/chintai/jnc_000073070781/?bc=100275984576
ステーションプラザタワー,賃貸マンション,東京都荒川区西日暮里２,ＪＲ山手線/日暮里駅 歩1分,築15年,地下2地上36階建,12階,15万円,10000円,15万円,18万円,1LDK,37.09m2,https://suumo.jp/chintai/jnc_000072850513/?bc=100275581128
ステーションプラザタワー,賃貸マンション,東京都荒川区西日暮里２,ＪＲ山手線/日暮里駅 歩1分,築15年,地下2地上36階建,1階,15万円,10000円,15万円,18万円,1LDK,37.09m2,https://suumo.jp/chintai/jnc_000073076571/?bc=100276035168
ステーションプラザタワー,賃貸マンション,東京都荒川区西日暮里２,ＪＲ山手線/日暮里駅 歩1分,築15年,地下2地上36階建,12階,15.3万円,10000円,15.3万円,18.36万円,1LDK,37.09m2,https://suumo.jp/chintai/jnc_000072641910/?bc=100273808187
ステーションプラザタワー,賃貸マンション,東京都荒川区西日暮里２,ＪＲ山手線/日暮里駅 歩1分,築15年,地下2地上36階建,29階,19.8万円,12000円,19.8万円,19.8万円,1LDK,45.86m2,https://suumo.jp/chintai/jnc_000071788698/?bc=100269204116
ステーションプラザタワー,賃貸マンション,東京都荒川区西日暮里２,ＪＲ山手線/日暮里駅 歩1分,築15年,地下2地上36階建,15階,21.2万円,10000円,21.2万円,42.4万円,1LDK,56.02m2,https://suumo.jp/chintai/jnc_000073006790/?bc=100275660487
ステーションプラザタワー,賃貸マンション,東京都荒川区西日暮里２,ＪＲ山手線/日暮里駅 歩1分,築15年,地下2地上36階建,30階,22万円,16000円,44万円,22万円,2LDK,53.69m2,https://suumo.jp/chintai/jnc_000072529155/?bc=100273013053
ステーションプラザタワー,賃貸マンション,東京都荒川区西日暮里２,ＪＲ山手線/日暮里駅 歩1分,築15年,地下2地上36階建,21階,26万円,10000円,52万円,26万円,2SLDK,67.56m2,https://suumo.jp/chintai/jnc_000072473108/?bc=100272746669
ステーションプラザタワー,賃貸マンション,東京都荒川区西日暮里２,ＪＲ山手線/日暮里駅 歩1分,築15年,地下2地上36階建,34階,43万円,25000円,86万円,43万円,3LDK,96.37m2,https://suumo.jp/chintai/jnc_000072097116/?bc=100270803928
ステーションプラザタワー,賃貸マンション,東京都荒川区西日暮里２,ＪＲ山手線/西日暮里駅 歩5分,築15年,地下2地上36階建,12階,15万円,10000円,15万円,18万円,1LDK,37.09m2,https://suumo.jp/chintai/jnc_000072850513/?bc=100275581128
ステーションプラザタワー,賃貸マンション,東京都荒川区西日暮里２,ＪＲ山手線/西日暮里駅 歩5分,築15年,地下2地上36階建,1階,15万円,10000円,15万円,18万円,1LDK,37.09m2,https://suumo.jp/chintai/jnc_000073076571/?bc=100276035168
ステーションプラザタワー,賃貸マンション,東京都荒川区西日暮里２,ＪＲ山手線/西日暮里駅 歩5分,築15年,地下2地上36階建,12階,15.3万円,10000円,15.3万円,18.36万円,1LDK,37.09m2,https://suumo.jp/chintai/jnc_000072641910/?bc=100273808187
ステーションプラザタワー,賃貸マンション,東京都荒川区西日暮里２,ＪＲ山手線/西日暮里駅 歩5分,築15年,地下2地上36階建,29階,19.8万円,12000円,19.8万円,19.8万円,1LDK,45.86m2,https://suumo.jp/chintai/jnc_000071788698/?bc=100269204116
ステーションプラザタワー,賃貸マンション,東京都荒川区西日暮里２,ＪＲ山手線/西日暮里駅 歩5分,築15年,地下2地上36階建,15階,21.2万円,10000円,21.2万円,42.4万円,1LDK,56.02m2,https://suumo.jp/chintai/jnc_000073006790/?bc=100275660487
ステーションプラザタワー,賃貸マンション,東京都荒川区西日暮里２,ＪＲ山手線/西日暮里駅 歩5分,築15年,地下2地上36階建,30階,22万円,16000円,44万円,22万円,2LDK,53.69m2,https://suumo.jp/chintai/jnc_000072529155/?bc=100273013053
ステーションプラザタワー,賃貸マンション,東京都荒川区西日暮里２,ＪＲ山手線/西日暮里駅 歩5分,築15年,地下2地上36階建,21階,26万円,10000円,52万円,26万円,2SLDK,67.56m2,https://suumo.jp/chintai/jnc_000072473108/?bc=100272746669
ステーションプラザタワー,賃貸マンション,東京都荒川区西日暮里２,ＪＲ山手線/西日暮里駅 歩5分,築15年,地下2地上36階建,34階,43万円,25000円,86万円,43万円,3LDK,96.37m2,https://suumo.jp/chintai/jnc_000072097116/?bc=100270803928
ステーションプラザタワー,賃貸マンション,東京都荒川区西日暮里２,ＪＲ常磐線/三河島駅 歩10分,築15年,地下2地上36階建,12階,15万円,10000円,15万円,18万円,1LDK,37.09m2,https://suumo.jp/chintai/jnc_000072850513/?bc=100275581128
ステーションプラザタワー,賃貸マンション,東京都荒川区西日暮里２,ＪＲ常磐線/三河島駅 歩10分,築15年,地下2地上36階建,1階,15万円,10000円,15万円,18万円,1LDK,37.09m2,https://suumo.jp/chintai/jnc_000073076571/?bc=100276035168
ステーションプラザタワー,賃貸マンション,東京都荒川区西日暮里２,ＪＲ常磐線/三河島駅 歩10分,築15年,地下2地上36階建,12階,15.3万円,10000円,15.3万円,18.36万円,1LDK,37.09m2,https://suumo.jp/chintai/jnc_000072641910/?bc=100273808187
ステーションプラザタワー,賃貸マンション,東京都荒川区西日暮里２,ＪＲ常磐線/三河島駅 歩10分,築15年,地下2地上36階建,29階,19.8万円,12000円,19.8万円,19.8万円,1LDK,45.86m2,https://suumo.jp/chintai/jnc_000071788698/?bc=100269204116
ステーションプラザタワー,賃貸マンション,東京都荒川区西日暮里２,ＪＲ常磐線/三河島駅 歩10分,築15年,地下2地上36階建,15階,21.2万円,10000円,21.2万円,42.4万円,1LDK,56.02m2,https://suumo.jp/chintai/jnc_000073006790/?bc=100275660487
ステーションプラザタワー,賃貸マンション,東京都荒川区西日暮里２,ＪＲ常磐線/三河島駅 歩10分,築15年,地下2地上36階建,30階,22万円,16000円,44万円,22万円,2LDK,53.69m2,https://suumo.jp/chintai/jnc_000072529155/?bc=100273013053
ステーションプラザタワー,賃貸マンション,東京都荒川区西日暮里２,ＪＲ常磐線/三河島駅 歩10分,築15年,地下2地上36階建,21階,26万円,10000円,52万円,26万円,2SLDK,67.56m2,https://suumo.jp/chintai/jnc_000072473108/?bc=100272746669
ステーションプラザタワー,賃貸マンション,東京都荒川区西日暮里２,ＪＲ常磐線/三河島駅 歩10分,築15年,地下2地上36階建,34階,43万円,25000円,86万円,43万円,3LDK,96.37m2,https://suumo.jp/chintai/jnc_000072097116/?bc=100270803928
日暮里・舎人ライナー 赤土小学校前駅 7階建 築14年,賃貸マンション,東京都荒川区東尾久２,日暮里・舎人ライナー/赤土小学校前駅 歩4分,築14年,7階建,3階,8.7万円,7500円,-,8.7万円,1K,29.49m2,https://suumo.jp/chintai/jnc_000073036037/?bc=100275885331
日暮里・舎人ライナー 赤土小学校前駅 7階建 築14年,賃貸マンション,東京都荒川区東尾久２,ＪＲ山手線/田端駅 歩17分,築14年,7階建,3階,8.7万円,7500円,-,8.7万円,1K,29.49m2,https://suumo.jp/chintai/jnc_000073036037/?bc=100275885331
日暮里・舎人ライナー 赤土小学校前駅 7階建 築14年,賃貸マンション,東京都荒川区東尾久２,ＪＲ京浜東北線/西日暮里駅 歩18分,築14年,7階建,3階,8.7万円,7500円,-,8.7万円,1K,29.49m2,https://suumo.jp/chintai/jnc_000073036037/?bc=100275885331
ロイヤルハイツフジ,賃貸マンション,東京都荒川区西日暮里６,ＪＲ山手線/西日暮里駅 歩5分,築34年,5階建,1階,7.5万円,3000円,7.5万円,7.5万円,1LDK,34.04m2,https://suumo.jp/chintai/jnc_000072720288/?bc=100276097730
ロイヤルハイツフジ,賃貸マンション,東京都荒川区西日暮里６,ＪＲ山手線/日暮里駅 歩13分,築34年,5階建,1階,7.5万円,3000円,7.5万円,7.5万円,1LDK,34.04m2,https://suumo.jp/chintai/jnc_000072720288/?bc=100276097730
ロイヤルハイツフジ,賃貸マンション,東京都荒川区西日暮里６,ＪＲ山手線/田端駅 歩15分,築34年,5階建,1階,7.5万円,3000円,7.5万円,7.5万円,1LDK,34.04m2,https://suumo.jp/chintai/jnc_000072720288/?bc=100276097730
ユイマール三ノ輪,賃貸マンション,東京都荒川区東日暮里１,東京メトロ日比谷線/三ノ輪駅 歩5分,築3年,5階建,1階,8万円,5500円,-,8万円,1K,24.01m2,https://suumo.jp/chintai/jnc_000072994040/?bc=100275684446
ユイマール三ノ輪,賃貸マンション,東京都荒川区東日暮里１,東京メトロ日比谷線/三ノ輪駅 歩5分,築3年,5階建,5階,8.4万円,5500円,-,8.4万円,1K,24.01m2,https://suumo.jp/chintai/jnc_000072271774/?bc=100272105088
ユイマール三ノ輪,賃貸マンション,東京都荒川区東日暮里１,東京メトロ日比谷線/三ノ輪駅 歩5分,築3年,5階建,5階,8.6万円,5500円,-,8.6万円,1K,25.1m2,https://suumo.jp/chintai/jnc_000073036039/?bc=100275942064
ユイマール三ノ輪,賃貸マンション,東京都荒川区東日暮里１,東京メトロ日比谷線/三ノ輪駅 歩5分,築3年,5階建,4階,8.8万円,5500円,-,8.8万円,1K,27.51m2,https://suumo.jp/chintai/jnc_000072302518/?bc=100272214918
ユイマール三ノ輪,賃貸マンション,東京都荒川区東日暮里１,ＪＲ山手線/日暮里駅 バス17分 (バス停)大関横丁 歩5分,築3年,5階建,1階,8万円,5500円,-,8万円,1K,24.01m2,https://suumo.jp/chintai/jnc_000072994040/?bc=100275684446
ユイマール三ノ輪,賃貸マンション,東京都荒川区東日暮里１,ＪＲ山手線/日暮里駅 バス17分 (バス停)大関横丁 歩5分,築3年,5階建,5階,8.4万円,5500円,-,8.4万円,1K,24.01m2,https://suumo.jp/chintai/jnc_000072271774/?bc=100272105088
ユイマール三ノ輪,賃貸マンション,東京都荒川区東日暮里１,ＪＲ山手線/日暮里駅 バス17分 (バス停)大関横丁 歩5分,築3年,5階建,5階,8.6万円,5500円,-,8.6万円,1K,25.1m2,https://suumo.jp/chintai/jnc_000073036039/?bc=100275942064
ユイマール三ノ輪,賃貸マンション,東京都荒川区東日暮里１,ＪＲ山手線/日暮里駅 バス17分 (バス停)大関横丁 歩5分,築3年,5階建,4階,8.8万円,5500円,-,8.8万円,1K,27.51m2,https://suumo.jp/chintai/jnc_000072302518/?bc=100272214918
ユイマール三ノ輪,賃貸マンション,東京都荒川区東日暮里１,東京メトロ銀座線/浅草駅 バス19分 (バス停)下根岸 歩7分,築3年,5階建,1階,8万円,5500円,-,8万円,1K,24.01m2,https://suumo.jp/chintai/jnc_000072994040/?bc=100275684446
ユイマール三ノ輪,賃貸マンション,東京都荒川区東日暮里１,東京メトロ銀座線/浅草駅 バス19分 (バス停)下根岸 歩7分,築3年,5階建,5階,8.4万円,5500円,-,8.4万円,1K,24.01m2,https://suumo.jp/chintai/jnc_000072271774/?bc=100272105088
ユイマール三ノ輪,賃貸マンション,東京都荒川区東日暮里１,東京メトロ銀座線/浅草駅 バス19分 (バス停)下根岸 歩7分,築3年,5階建,5階,8.6万円,5500円,-,8.6万円,1K,25.1m2,https://suumo.jp/chintai/jnc_000073036039/?bc=100275942064
ユイマール三ノ輪,賃貸マンション,東京都荒川区東日暮里１,東京メトロ銀座線/浅草駅 バス19分 (バス停)下根岸 歩7分,築3年,5階建,4階,8.8万円,5500円,-,8.8万円,1K,27.51m2,https://suumo.jp/chintai/jnc_000072302518/?bc=100272214918
レアライズ日暮里ウエスト,賃貸マンション,東京都荒川区東日暮里４,ＪＲ京浜東北線/日暮里駅 歩9分,築8年,11階建,2階,8.25万円,10000円,-,8.25万円,1K,25.71m2,https://suumo.jp/chintai/jnc_000072886599/?bc=100274856264
レアライズ日暮里ウエスト,賃貸マンション,東京都荒川区東日暮里４,ＪＲ京浜東北線/日暮里駅 歩9分,築8年,11階建,10階,8万円,15000円,-,-,1K,25.5m2,https://suumo.jp/chintai/jnc_000073097514/?bc=100276116150
レアライズ日暮里ウエスト,賃貸マンション,東京都荒川区東日暮里４,ＪＲ山手線/鶯谷駅 歩10分,築8年,11階建,2階,8.25万円,10000円,-,8.25万円,1K,25.71m2,https://suumo.jp/chintai/jnc_000072886599/?bc=100274856264
レアライズ日暮里ウエスト,賃貸マンション,東京都荒川区東日暮里４,ＪＲ山手線/鶯谷駅 歩10分,築8年,11階建,10階,8万円,15000円,-,-,1K,25.5m2,https://suumo.jp/chintai/jnc_000073097514/?bc=100276116150
レアライズ日暮里ウエスト,賃貸マンション,東京都荒川区東日暮里４,ＪＲ常磐線/三河島駅 歩11分,築8年,11階建,2階,8.25万円,10000円,-,8.25万円,1K,25.71m2,https://suumo.jp/chintai/jnc_000072886599/?bc=100274856264
レアライズ日暮里ウエスト,賃貸マンション,東京都荒川区東日暮里４,ＪＲ常磐線/三河島駅 歩11分,築8年,11階建,10階,8万円,15000円,-,-,1K,25.5m2,https://suumo.jp/chintai/jnc_000073097514/?bc=100276116150
ハイム吉川,賃貸マンション,東京都荒川区東日暮里３,ＪＲ山手線/日暮里駅 歩15分,築32年,5階建,4階,13.9万円,5000円,13.9万円,13.9万円,3LDK,59.52m2,https://suumo.jp/chintai/jnc_000073076577/?bc=100276085113
ハイム吉川,賃貸マンション,東京都荒川区東日暮里３,ＪＲ常磐線/三河島駅 歩8分,築32年,5階建,4階,13.9万円,5000円,13.9万円,13.9万円,3LDK,59.52m2,https://suumo.jp/chintai/jnc_000073076577/?bc=100276085113
ハイム吉川,賃貸マンション,東京都荒川区東日暮里３,東京メトロ日比谷線/三ノ輪駅 歩8分,築32年,5階建,4階,13.9万円,5000円,13.9万円,13.9万円,3LDK,59.52m2,https://suumo.jp/chintai/jnc_000073076577/?bc=100276085113
AT　EASE東日暮里,賃貸アパート,東京都荒川区東日暮里２,東京メトロ日比谷線/三ノ輪駅 歩6分,築6年,3階建,2階,7万円,3000円,7万円,7万円,1K,18.14m2,https://suumo.jp/chintai/jnc_000019786370/?bc=100275677054
AT　EASE東日暮里,賃貸アパート,東京都荒川区東日暮里２,都電荒川線/荒川一中前駅 歩8分,築6年,3階建,2階,7万円,3000円,7万円,7万円,1K,18.14m2,https://suumo.jp/chintai/jnc_000019786370/?bc=100275677054
AT　EASE東日暮里,賃貸アパート,東京都荒川区東日暮里２,都電荒川線/三ノ輪橋駅 歩8分,築6年,3階建,2階,7万円,3000円,7万円,7万円,1K,18.14m2,https://suumo.jp/chintai/jnc_000019786370/?bc=100275677054
ジャルディニエ,賃貸アパート,東京都葛飾区東堀切２,京成本線/堀切菖蒲園駅 歩12分,新築,2階建,1階,10.6万円,2000円,10.6万円,10.6万円,2LDK,57.13m2,https://suumo.jp/chintai/jnc_000071459828/?bc=100276026469
ジャルディニエ,賃貸アパート,東京都葛飾区東堀切２,東京メトロ千代田線/綾瀬駅 歩22分,新築,2階建,1階,10.6万円,2000円,10.6万円,10.6万円,2LDK,57.13m2,https://suumo.jp/chintai/jnc_000071459828/?bc=100276026469
ジャルディニエ,賃貸アパート,東京都葛飾区東堀切２,東武伊勢崎線/堀切駅 歩28分,新築,2階建,1階,10.6万円,2000円,10.6万円,10.6万円,2LDK,57.13m2,https://suumo.jp/chintai/jnc_000071459828/?bc=100276026469
レオパレスアクアグレイス西尾久,賃貸マンション,東京都荒川区西尾久７,ＪＲ宇都宮線/尾久駅 歩6分,築14年,3階建,1階,7.4万円,5000円,-,-,1K,26.08m2,https://suumo.jp/chintai/jnc_000072587560/?bc=100276144942
レオパレスアクアグレイス西尾久,賃貸マンション,東京都荒川区西尾久７,ＪＲ宇都宮線/尾久駅 歩6分,築14年,3階建,2階,7.6万円,5000円,-,7.6万円,1K,26.08m2,https://suumo.jp/chintai/jnc_000072587561/?bc=100156319465
レオパレスアクアグレイス西尾久,賃貸マンション,東京都荒川区西尾久７,都電荒川線/荒川車庫前駅 歩4分,築14年,3階建,1階,7.4万円,5000円,-,-,1K,26.08m2,https://suumo.jp/chintai/jnc_000072587560/?bc=100276144942
レオパレスアクアグレイス西尾久,賃貸マンション,東京都荒川区西尾久７,都電荒川線/荒川車庫前駅 歩4分,築14年,3階建,2階,7.6万円,5000円,-,7.6万円,1K,26.08m2,https://suumo.jp/chintai/jnc_000072587561/?bc=100156319465
レオパレスアクアグレイス西尾久,賃貸マンション,東京都荒川区西尾久７,ＪＲ山手線/田端駅 歩25分,築14年,3階建,1階,7.4万円,5000円,-,-,1K,26.08m2,https://suumo.jp/chintai/jnc_000072587560/?bc=100276144942
レオパレスアクアグレイス西尾久,賃貸マンション,東京都荒川区西尾久７,ＪＲ山手線/田端駅 歩25分,築14年,3階建,2階,7.6万円,5000円,-,7.6万円,1K,26.08m2,https://suumo.jp/chintai/jnc_000072587561/?bc=100156319465
ルピアコート新小岩フレール,賃貸マンション,東京都葛飾区東新小岩２,ＪＲ総武線/新小岩駅 歩14分,築6年,13階建,11階,14.9万円,-,14.9万円,14.9万円,3LDK,71.23m2,https://suumo.jp/chintai/jnc_000073087134/?bc=100276090889
ルピアコート新小岩フレール,賃貸マンション,東京都葛飾区東新小岩２,ＪＲ総武線/小岩駅 歩24分,築6年,13階建,11階,14.9万円,-,14.9万円,14.9万円,3LDK,71.23m2,https://suumo.jp/chintai/jnc_000073087134/?bc=100276090889
ルピアコート新小岩フレール,賃貸マンション,東京都葛飾区東新小岩２,京成押上線/京成立石駅 車10分(3.8km),築6年,13階建,11階,14.9万円,-,14.9万円,14.9万円,3LDK,71.23m2,https://suumo.jp/chintai/jnc_000073087134/?bc=100276090889
東京メトロ有楽町線 月島駅 地下2地上50階建 築25年,賃貸マンション,東京都中央区晴海１,東京メトロ有楽町線/月島駅 歩6分,築25年,地下2地上50階建,3階,12.5万円,20000円,25万円,12.5万円,2K,42.51m2,https://suumo.jp/chintai/jnc_000048598915/?bc=100275630329
東京メトロ有楽町線 月島駅 地下2地上50階建 築25年,賃貸マンション,東京都中央区晴海１,東京メトロ有楽町線/月島駅 歩6分,築25年,地下2地上50階建,3階,12.5万円,20000円,25万円,12.5万円,2K,42.51m2,https://suumo.jp/chintai/jnc_000048494434/?bc=100275515500
東京メトロ有楽町線 月島駅 地下2地上50階建 築25年,賃貸マンション,東京都中央区晴海１,東京メトロ有楽町線/月島駅 歩6分,築25年,地下2地上50階建,49階,21.5万円,15000円,43万円,21.5万円,2LDK,69.86m2,https://suumo.jp/chintai/jnc_000020561178/?bc=100270384930
東京メトロ有楽町線 月島駅 地下2地上50階建 築25年,賃貸マンション,東京都中央区晴海１,東京メトロ有楽町線/月島駅 歩6分,築25年,地下2地上50階建,41階,23.3万円,15000円,46.6万円,23.3万円,3LDK,94.12m2,https://suumo.jp/chintai/jnc_000072537126/?bc=100273416699
東京メトロ有楽町線 月島駅 地下2地上50階建 築25年,賃貸マンション,東京都中央区晴海１,東京メトロ有楽町線/月島駅 歩6分,築25年,地下2地上50階建,36階,24.9万円,15000円,24.9万円,24.9万円,3SLDK,69.86m2,https://suumo.jp/chintai/jnc_000073086209/?bc=100276131614
東京メトロ有楽町線 月島駅 地下2地上50階建 築25年,賃貸マンション,東京都中央区晴海１,都営大江戸線/勝どき駅 歩7分,築25年,地下2地上50階建,3階,12.5万円,20000円,25万円,12.5万円,2K,42.51m2,https://suumo.jp/chintai/jnc_000048598915/?bc=100275630329
東京メトロ有楽町線 月島駅 地下2地上50階建 築25年,賃貸マンション,東京都中央区晴海１,都営大江戸線/勝どき駅 歩7分,築25年,地下2地上50階建,3階,12.5万円,20000円,25万円,12.5万円,2K,42.51m2,https://suumo.jp/chintai/jnc_000048494434/?bc=100275515500
東京メトロ有楽町線 月島駅 地下2地上50階建 築25年,賃貸マンション,東京都中央区晴海１,都営大江戸線/勝どき駅 歩7分,築25年,地下2地上50階建,49階,21.5万円,15000円,43万円,21.5万円,2LDK,69.86m2,https://suumo.jp/chintai/jnc_000020561178/?bc=100270384930
東京メトロ有楽町線 月島駅 地下2地上50階建 築25年,賃貸マンション,東京都中央区晴海１,都営大江戸線/勝どき駅 歩7分,築25年,地下2地上50階建,41階,23.3万円,15000円,46.6万円,23.3万円,3LDK,94.12m2,https://suumo.jp/chintai/jnc_000072537126/?bc=100273416699
東京メトロ有楽町線 月島駅 地下2地上50階建 築25年,賃貸マンション,東京都中央区晴海１,都営大江戸線/勝どき駅 歩7分,築25年,地下2地上50階建,36階,24.9万円,15000円,24.9万円,24.9万円,3SLDK,69.86m2,https://suumo.jp/chintai/jnc_000073086209/?bc=100276131614
東京メトロ有楽町線 月島駅 地下2地上50階建 築25年,賃貸マンション,東京都中央区晴海１,新交通ゆりかもめ/豊洲駅 歩15分,築25年,地下2地上50階建,3階,12.5万円,20000円,25万円,12.5万円,2K,42.51m2,https://suumo.jp/chintai/jnc_000048598915/?bc=100275630329
東京メトロ有楽町線 月島駅 地下2地上50階建 築25年,賃貸マンション,東京都中央区晴海１,新交通ゆりかもめ/豊洲駅 歩15分,築25年,地下2地上50階建,3階,12.5万円,20000円,25万円,12.5万円,2K,42.51m2,https://suumo.jp/chintai/jnc_000048494434/?bc=100275515500
東京メトロ有楽町線 月島駅 地下2地上50階建 築25年,賃貸マンション,東京都中央区晴海１,新交通ゆりかもめ/豊洲駅 歩15分,築25年,地下2地上50階建,49階,21.5万円,15000円,43万円,21.5万円,2LDK,69.86m2,https://suumo.jp/chintai/jnc_000020561178/?bc=100270384930
東京メトロ有楽町線 月島駅 地下2地上50階建 築25年,賃貸マンション,東京都中央区晴海１,新交通ゆりかもめ/豊洲駅 歩15分,築25年,地下2地上50階建,41階,23.3万円,15000円,46.6万円,23.3万円,3LDK,94.12m2,https://suumo.jp/chintai/jnc_000072537126/?bc=100273416699
東京メトロ有楽町線 月島駅 地下2地上50階建 築25年,賃貸マンション,東京都中央区晴海１,新交通ゆりかもめ/豊洲駅 歩15分,築25年,地下2地上50階建,36階,24.9万円,15000円,24.9万円,24.9万円,3SLDK,69.86m2,https://suumo.jp/chintai/jnc_000073086209/?bc=100276131614
プレミエールヒルズ青砥橋,賃貸マンション,東京都葛飾区高砂１,京成本線/青砥駅 歩8分,築18年,3階建,3階,8.1万円,3500円,-,8.1万円,1LDK,41.54m2,https://suumo.jp/chintai/jnc_000044024723/?bc=100275977812
プレミエールヒルズ青砥橋,賃貸マンション,東京都葛飾区高砂１,京成本線/京成高砂駅 歩17分,築18年,3階建,3階,8.1万円,3500円,-,8.1万円,1LDK,41.54m2,https://suumo.jp/chintai/jnc_000044024723/?bc=100275977812
プレミエールヒルズ青砥橋,賃貸マンション,東京都葛飾区高砂１,京成押上線/京成立石駅 歩21分,築18年,3階建,3階,8.1万円,3500円,-,8.1万円,1LDK,41.54m2,https://suumo.jp/chintai/jnc_000044024723/?bc=100275977812
カーサフィオレンテII,賃貸アパート,東京都練馬区春日町４,都営大江戸線/練馬春日町駅 歩7分,築12年,2階建,1階,12.4万円,2000円,12.4万円,-,2LDK,57.52m2,https://suumo.jp/chintai/jnc_000073087007/?bc=100276088819
カーサフィオレンテII,賃貸アパート,東京都練馬区春日町４,都営大江戸線/光が丘駅 歩19分,築12年,2階建,1階,12.4万円,2000円,12.4万円,-,2LDK,57.52m2,https://suumo.jp/chintai/jnc_000073087007/?bc=100276088819
カーサフィオレンテII,賃貸アパート,東京都練馬区春日町４,東京メトロ副都心線/平和台駅 歩20分,築12年,2階建,1階,12.4万円,2000円,12.4万円,-,2LDK,57.52m2,https://suumo.jp/chintai/jnc_000073087007/?bc=100276088819
ＪＲ山手線 田端駅 10階建 築10年,賃貸マンション,東京都荒川区西尾久７,ＪＲ山手線/田端駅 歩19分,築10年,10階建,7階,18.9万円,-,18.9万円,18.9万円,3LDK,67.04m2,https://suumo.jp/chintai/jnc_000071782881/?bc=100276155086
ＪＲ山手線 田端駅 10階建 築10年,賃貸マンション,東京都荒川区西尾久７,ＪＲ高崎線/尾久駅 歩3分,築10年,10階建,7階,18.9万円,-,18.9万円,18.9万円,3LDK,67.04m2,https://suumo.jp/chintai/jnc_000071782881/?bc=100276155086
ＪＲ山手線 田端駅 10階建 築10年,賃貸マンション,東京都荒川区西尾久７,都電荒川線/荒川遊園地前駅 歩6分,築10年,10階建,7階,18.9万円,-,18.9万円,18.9万円,3LDK,67.04m2,https://suumo.jp/chintai/jnc_000071782881/?bc=100276155086
ガーラ神田岩本町,賃貸マンション,東京都千代田区岩本町２,ＪＲ山手線/秋葉原駅 歩7分,築16年,14階建,4階,9.5万円,10000円,-,9.5万円,1K,26.47m2,https://suumo.jp/chintai/jnc_000052980982/?bc=100274054699
ガーラ神田岩本町,賃貸マンション,東京都千代田区岩本町２,ＪＲ山手線/秋葉原駅 歩7分,築16年,14階建,10階,14.8万円,10000円,14.8万円,29.6万円,1LDK,40.32m2,https://suumo.jp/chintai/jnc_000033395199/?bc=100275691510
ガーラ神田岩本町,賃貸マンション,東京都千代田区岩本町２,ＪＲ山手線/秋葉原駅 歩7分,築16年,14階建,10階,14.8万円,12000円,14.8万円,29.6万円,1LDK,40.32m2,https://suumo.jp/chintai/jnc_000072479992/?bc=100275644308
ガーラ神田岩本町,賃貸マンション,東京都千代田区岩本町２,ＪＲ山手線/秋葉原駅 歩7分,築16年,14階建,10階,14.8万円,12000円,14.8万円,29.6万円,1LDK,40.32m2,https://suumo.jp/chintai/jnc_000073016427/?bc=100275683355
ガーラ神田岩本町,賃貸マンション,東京都千代田区岩本町２,ＪＲ山手線/秋葉原駅 歩7分,築16年,14階建,10階,14.8万円,12000円,14.8万円,29.6万円,1LDK,40.32m2,https://suumo.jp/chintai/jnc_000073022771/?bc=100275720994
ガーラ神田岩本町,賃貸マンション,東京都千代田区岩本町２,ＪＲ山手線/秋葉原駅 歩7分,築16年,14階建,10階,14.8万円,12000円,14.8万円,29.6万円,1LDK,40.32m2,https://suumo.jp/chintai/jnc_000073002544/?bc=100275600193
ガーラ神田岩本町,賃貸マンション,東京都千代田区岩本町２,ＪＲ山手線/秋葉原駅 歩7分,築16年,14階建,10階,14.8万円,12000円,14.8万円,29.6万円,1LDK,40.32m2,https://suumo.jp/chintai/jnc_000073016428/?bc=100275695049
ガーラ神田岩本町,賃貸マンション,東京都千代田区岩本町２,都営新宿線/岩本町駅 歩5分,築16年,14階建,4階,9.5万円,10000円,-,9.5万円,1K,26.47m2,https://suumo.jp/chintai/jnc_000052980982/?bc=100274054699
ガーラ神田岩本町,賃貸マンション,東京都千代田区岩本町２,都営新宿線/岩本町駅 歩5分,築16年,14階建,10階,14.8万円,10000円,14.8万円,29.6万円,1LDK,40.32m2,https://suumo.jp/chintai/jnc_000033395199/?bc=100275691510
ガーラ神田岩本町,賃貸マンション,東京都千代田区岩本町２,都営新宿線/岩本町駅 歩5分,築16年,14階建,10階,14.8万円,12000円,14.8万円,29.6万円,1LDK,40.32m2,https://suumo.jp/chintai/jnc_000072479992/?bc=100275644308
ガーラ神田岩本町,賃貸マンション,東京都千代田区岩本町２,都営新宿線/岩本町駅 歩5分,築16年,14階建,10階,14.8万円,12000円,14.8万円,29.6万円,1LDK,40.32m2,https://suumo.jp/chintai/jnc_000073016427/?bc=100275683355
ガーラ神田岩本町,賃貸マンション,東京都千代田区岩本町２,都営新宿線/岩本町駅 歩5分,築16年,14階建,10階,14.8万円,12000円,14.8万円,29.6万円,1LDK,40.32m2,https://suumo.jp/chintai/jnc_000073022771/?bc=100275720994
ガーラ神田岩本町,賃貸マンション,東京都千代田区岩本町２,都営新宿線/岩本町駅 歩5分,築16年,14階建,10階,14.8万円,12000円,14.8万円,29.6万円,1LDK,40.32m2,https://suumo.jp/chintai/jnc_000073002544/?bc=100275600193
ガーラ神田岩本町,賃貸マンション,東京都千代田区岩本町２,都営新宿線/岩本町駅 歩5分,築16年,14階建,10階,14.8万円,12000円,14.8万円,29.6万円,1LDK,40.32m2,https://suumo.jp/chintai/jnc_000073016428/?bc=100275695049
ガーラ神田岩本町,賃貸マンション,東京都千代田区岩本町２,東京メトロ日比谷線/小伝馬町駅 歩4分,築16年,14階建,4階,9.5万円,10000円,-,9.5万円,1K,26.47m2,https://suumo.jp/chintai/jnc_000052980982/?bc=100274054699
ガーラ神田岩本町,賃貸マンション,東京都千代田区岩本町２,東京メトロ日比谷線/小伝馬町駅 歩4分,築16年,14階建,10階,14.8万円,10000円,14.8万円,29.6万円,1LDK,40.32m2,https://suumo.jp/chintai/jnc_000033395199/?bc=100275691510
ガーラ神田岩本町,賃貸マンション,東京都千代田区岩本町２,東京メトロ日比谷線/小伝馬町駅 歩4分,築16年,14階建,10階,14.8万円,12000円,14.8万円,29.6万円,1LDK,40.32m2,https://suumo.jp/chintai/jnc_000072479992/?bc=100275644308
ガーラ神田岩本町,賃貸マンション,東京都千代田区岩本町２,東京メトロ日比谷線/小伝馬町駅 歩4分,築16年,14階建,10階,14.8万円,12000円,14.8万円,29.6万円,1LDK,40.32m2,https://suumo.jp/chintai/jnc_000073016427/?bc=100275683355
ガーラ神田岩本町,賃貸マンション,東京都千代田区岩本町２,東京メトロ日比谷線/小伝馬町駅 歩4分,築16年,14階建,10階,14.8万円,12000円,14.8万円,29.6万円,1LDK,40.32m2,https://suumo.jp/chintai/jnc_000073022771/?bc=100275720994
ガーラ神田岩本町,賃貸マンション,東京都千代田区岩本町２,東京メトロ日比谷線/小伝馬町駅 歩4分,築16年,14階建,10階,14.8万円,12000円,14.8万円,29.6万円,1LDK,40.32m2,https://suumo.jp/chintai/jnc_000073002544/?bc=100275600193
ガーラ神田岩本町,賃貸マンション,東京都千代田区岩本町２,東京メトロ日比谷線/小伝馬町駅 歩4分,築16年,14階建,10階,14.8万円,12000円,14.8万円,29.6万円,1LDK,40.32m2,https://suumo.jp/chintai/jnc_000073016428/?bc=100275695049
グランベール,賃貸マンション,東京都板橋区前野町５,都営三田線/志村三丁目駅 歩9分,築25年,4階建,4階,12万円,-,12万円,12万円,3LDK,65.15m2,https://suumo.jp/chintai/jnc_000071941510/?bc=100269990611
グランベール,賃貸マンション,東京都板橋区前野町５,都営三田線/志村三丁目駅 歩9分,築25年,4階建,4階,12万円,5000円,12万円,12万円,3LDK,65.15m2,https://suumo.jp/chintai/jnc_000073011256/?bc=100275660471
グランベール,賃貸マンション,東京都板橋区前野町５,都営三田線/志村坂上駅 歩14分,築25年,4階建,4階,12万円,-,12万円,12万円,3LDK,65.15m2,https://suumo.jp/chintai/jnc_000071941510/?bc=100269990611
グランベール,賃貸マンション,東京都板橋区前野町５,都営三田線/志村坂上駅 歩14分,築25年,4階建,4階,12万円,5000円,12万円,12万円,3LDK,65.15m2,https://suumo.jp/chintai/jnc_000073011256/?bc=100275660471
グランベール,賃貸マンション,東京都板橋区前野町５,東武東上線/上板橋駅 歩25分,築25年,4階建,4階,12万円,-,12万円,12万円,3LDK,65.15m2,https://suumo.jp/chintai/jnc_000071941510/?bc=100269990611
グランベール,賃貸マンション,東京都板橋区前野町５,東武東上線/上板橋駅 歩25分,築25年,4階建,4階,12万円,5000円,12万円,12万円,3LDK,65.15m2,https://suumo.jp/chintai/jnc_000073011256/?bc=100275660471
都営三田線 志村三丁目駅 4階建 築25年,賃貸マンション,東京都板橋区前野町５,都営三田線/志村三丁目駅 歩9分,築25年,4階建,4階,12万円,5000円,12万円,12万円,3LDK,65.15m2,https://suumo.jp/chintai/jnc_000073011257/?bc=100275993918
都営三田線 志村三丁目駅 4階建 築25年,賃貸マンション,東京都板橋区前野町５,都営三田線/志村坂上駅 歩15分,築25年,4階建,4階,12万円,5000円,12万円,12万円,3LDK,65.15m2,https://suumo.jp/chintai/jnc_000073011257/?bc=100275993918
都営三田線 志村三丁目駅 4階建 築25年,賃貸マンション,東京都板橋区前野町５,東武東上線/上板橋駅 歩22分,築25年,4階建,4階,12万円,5000円,12万円,12万円,3LDK,65.15m2,https://suumo.jp/chintai/jnc_000073011257/?bc=100275993918
東京メトロ千代田線 町屋駅 2階建 築7年,賃貸アパート,東京都荒川区町屋１,東京メトロ千代田線/町屋駅 歩7分,築7年,2階建,1階,5.9万円,3000円,-,-,ワンルーム,11.61m2,https://suumo.jp/chintai/jnc_000073097515/?bc=100276155046
東京メトロ千代田線 町屋駅 2階建 築7年,賃貸アパート,東京都荒川区町屋１,東京メトロ千代田線/町屋駅 歩7分,築7年,2階建,1階,6万円,3000円,-,-,ワンルーム,11.61m2,https://suumo.jp/chintai/jnc_000069691983/?bc=100274333277
東京メトロ千代田線 町屋駅 2階建 築7年,賃貸アパート,東京都荒川区町屋１,東京メトロ千代田線/町屋駅 歩7分,築7年,2階建,2階,6.1万円,3000円,-,-,ワンルーム,11.61m2,https://suumo.jp/chintai/jnc_000073097516/?bc=100276148625
東京メトロ千代田線 町屋駅 2階建 築7年,賃貸アパート,東京都荒川区町屋１,東京メトロ千代田線/町屋駅 歩7分,築7年,2階建,2階,6.2万円,3000円,-,-,ワンルーム,11.61m2,https://suumo.jp/chintai/jnc_000029870853/?bc=100276155075
東京メトロ千代田線 町屋駅 2階建 築7年,賃貸アパート,東京都荒川区町屋１,東京メトロ千代田線/町屋駅 歩7分,築7年,2階建,2階,6.2万円,3000円,-,-,ワンルーム,11.61m2,https://suumo.jp/chintai/jnc_000056346744/?bc=100274333280
東京メトロ千代田線 町屋駅 2階建 築7年,賃貸アパート,東京都荒川区町屋１,都電荒川線/町屋駅前駅 歩7分,築7年,2階建,1階,5.9万円,3000円,-,-,ワンルーム,11.61m2,https://suumo.jp/chintai/jnc_000073097515/?bc=100276155046
東京メトロ千代田線 町屋駅 2階建 築7年,賃貸アパート,東京都荒川区町屋１,都電荒川線/町屋駅前駅 歩7分,築7年,2階建,1階,6万円,3000円,-,-,ワンルーム,11.61m2,https://suumo.jp/chintai/jnc_000069691983/?bc=100274333277
東京メトロ千代田線 町屋駅 2階建 築7年,賃貸アパート,東京都荒川区町屋１,都電荒川線/町屋駅前駅 歩7分,築7年,2階建,2階,6.1万円,3000円,-,-,ワンルーム,11.61m2,https://suumo.jp/chintai/jnc_000073097516/?bc=100276148625
東京メトロ千代田線 町屋駅 2階建 築7年,賃貸アパート,東京都荒川区町屋１,都電荒川線/町屋駅前駅 歩7分,築7年,2階建,2階,6.2万円,3000円,-,-,ワンルーム,11.61m2,https://suumo.jp/chintai/jnc_000029870853/?bc=100276155075
東京メトロ千代田線 町屋駅 2階建 築7年,賃貸アパート,東京都荒川区町屋１,都電荒川線/町屋駅前駅 歩7分,築7年,2階建,2階,6.2万円,3000円,-,-,ワンルーム,11.61m2,https://suumo.jp/chintai/jnc_000056346744/?bc=100274333280
東京メトロ千代田線 町屋駅 2階建 築7年,賃貸アパート,東京都荒川区町屋１,京成本線/町屋駅 歩7分,築7年,2階建,1階,5.9万円,3000円,-,-,ワンルーム,11.61m2,https://suumo.jp/chintai/jnc_000073097515/?bc=100276155046
東京メトロ千代田線 町屋駅 2階建 築7年,賃貸アパート,東京都荒川区町屋１,京成本線/町屋駅 歩7分,築7年,2階建,1階,6万円,3000円,-,-,ワンルーム,11.61m2,https://suumo.jp/chintai/jnc_000069691983/?bc=100274333277
東京メトロ千代田線 町屋駅 2階建 築7年,賃貸アパート,東京都荒川区町屋１,京成本線/町屋駅 歩7分,築7年,2階建,2階,6.1万円,3000円,-,-,ワンルーム,11.61m2,https://suumo.jp/chintai/jnc_000073097516/?bc=100276148625
東京メトロ千代田線 町屋駅 2階建 築7年,賃貸アパート,東京都荒川区町屋１,京成本線/町屋駅 歩7分,築7年,2階建,2階,6.2万円,3000円,-,-,ワンルーム,11.61m2,https://suumo.jp/chintai/jnc_000029870853/?bc=100276155075
東京メトロ千代田線 町屋駅 2階建 築7年,賃貸アパート,東京都荒川区町屋１,京成本線/町屋駅 歩7分,築7年,2階建,2階,6.2万円,3000円,-,-,ワンルーム,11.61m2,https://suumo.jp/chintai/jnc_000056346744/?bc=100274333280
Ｂｌａｎｃ　Ｇｒａｃｅ,賃貸マンション,東京都荒川区東日暮里４,ＪＲ山手線/鶯谷駅 歩6分,築1年,3階建,2階,8.1万円,5000円,4.05万円,8.1万円,1K,21.3m2,https://suumo.jp/chintai/jnc_000073049741/?bc=100275902034
Ｂｌａｎｃ　Ｇｒａｃｅ,賃貸マンション,東京都荒川区東日暮里４,ＪＲ山手線/鶯谷駅 歩6分,築1年,3階建,2階,8.1万円,5000円,4.05万円,8.1万円,1K,21.3m2,https://suumo.jp/chintai/jnc_000073063310/?bc=100275953035
Ｂｌａｎｃ　Ｇｒａｃｅ,賃貸マンション,東京都荒川区東日暮里４,東京メトロ日比谷線/入谷駅 歩12分,築1年,3階建,2階,8.1万円,5000円,4.05万円,8.1万円,1K,21.3m2,https://suumo.jp/chintai/jnc_000073049741/?bc=100275902034
Ｂｌａｎｃ　Ｇｒａｃｅ,賃貸マンション,東京都荒川区東日暮里４,東京メトロ日比谷線/入谷駅 歩12分,築1年,3階建,2階,8.1万円,5000円,4.05万円,8.1万円,1K,21.3m2,https://suumo.jp/chintai/jnc_000073063310/?bc=100275953035
Ｂｌａｎｃ　Ｇｒａｃｅ,賃貸マンション,東京都荒川区東日暮里４,ＪＲ京浜東北線/日暮里駅 歩13分,築1年,3階建,2階,8.1万円,5000円,4.05万円,8.1万円,1K,21.3m2,https://suumo.jp/chintai/jnc_000073049741/?bc=100275902034
Ｂｌａｎｃ　Ｇｒａｃｅ,賃貸マンション,東京都荒川区東日暮里４,ＪＲ京浜東北線/日暮里駅 歩13分,築1年,3階建,2階,8.1万円,5000円,4.05万円,8.1万円,1K,21.3m2,https://suumo.jp/chintai/jnc_000073063310/?bc=100275953035
サンクレール荒川ブランガーデン,賃貸マンション,東京都荒川区荒川１,東京メトロ日比谷線/三ノ輪駅 歩8分,築18年,18階建,7階,7.9万円,8000円,7.9万円,7.9万円,ワンルーム,27.43m2,https://suumo.jp/chintai/jnc_000073063302/?bc=100276099439
サンクレール荒川ブランガーデン,賃貸マンション,東京都荒川区荒川１,東京メトロ日比谷線/三ノ輪駅 歩8分,築18年,18階建,9階,8万円,8000円,8万円,8万円,ワンルーム,27.43m2,https://suumo.jp/chintai/jnc_000059823683/?bc=100276019194
サンクレール荒川ブランガーデン,賃貸マンション,東京都荒川区荒川１,東京メトロ日比谷線/三ノ輪駅 歩8分,築18年,18階建,13階,8.2万円,8000円,8.2万円,8.2万円,ワンルーム,27.43m2,https://suumo.jp/chintai/jnc_000072863841/?bc=100275042823
サンクレール荒川ブランガーデン,賃貸マンション,東京都荒川区荒川１,東京メトロ日比谷線/三ノ輪駅 歩8分,築18年,18階建,11階,13.9万円,12000円,13.9万円,27.8万円,1LDK,53.55m2,https://suumo.jp/chintai/jnc_000065824199/?bc=100236629516
サンクレール荒川ブランガーデン,賃貸マンション,東京都荒川区荒川１,東京メトロ日比谷線/三ノ輪駅 歩8分,築18年,18階建,7階,14.6万円,12000円,14.6万円,29.2万円,2LDK,60.2m2,https://suumo.jp/chintai/jnc_000072863843/?bc=100275067342
サンクレール荒川ブランガーデン,賃貸マンション,東京都荒川区荒川１,東京メトロ日比谷線/三ノ輪駅 歩8分,築18年,18階建,10階,15万円,12000円,15万円,30万円,1SLDK,60.2m2,https://suumo.jp/chintai/jnc_000066454530/?bc=100275488355
サンクレール荒川ブランガーデン,賃貸マンション,東京都荒川区荒川１,東京メトロ日比谷線/三ノ輪駅 歩8分,築18年,18階建,16階,15.6万円,12000円,15.6万円,31.2万円,2LDK,60.47m2,https://suumo.jp/chintai/jnc_000072088622/?bc=100274335924
サンクレール荒川ブランガーデン,賃貸マンション,東京都荒川区荒川１,東京メトロ日比谷線/三ノ輪駅 歩8分,築18年,18階建,17階,15.7万円,12000円,15.7万円,31.4万円,2LDK,60.47m2,https://suumo.jp/chintai/jnc_000072863842/?bc=100275634071
サンクレール荒川ブランガーデン,賃貸マンション,東京都荒川区荒川１,都電荒川線/三ノ輪橋駅 歩8分,築18年,18階建,7階,7.9万円,8000円,7.9万円,7.9万円,ワンルーム,27.43m2,https://suumo.jp/chintai/jnc_000073063302/?bc=100276099439
サンクレール荒川ブランガーデン,賃貸マンション,東京都荒川区荒川１,都電荒川線/三ノ輪橋駅 歩8分,築18年,18階建,9階,8万円,8000円,8万円,8万円,ワンルーム,27.43m2,https://suumo.jp/chintai/jnc_000059823683/?bc=100276019194
サンクレール荒川ブランガーデン,賃貸マンション,東京都荒川区荒川１,都電荒川線/三ノ輪橋駅 歩8分,築18年,18階建,13階,8.2万円,8000円,8.2万円,8.2万円,ワンルーム,27.43m2,https://suumo.jp/chintai/jnc_000072863841/?bc=100275042823
サンクレール荒川ブランガーデン,賃貸マンション,東京都荒川区荒川１,都電荒川線/三ノ輪橋駅 歩8分,築18年,18階建,11階,13.9万円,12000円,13.9万円,27.8万円,1LDK,53.55m2,https://suumo.jp/chintai/jnc_000065824199/?bc=100236629516
サンクレール荒川ブランガーデン,賃貸マンション,東京都荒川区荒川１,都電荒川線/三ノ輪橋駅 歩8分,築18年,18階建,7階,14.6万円,12000円,14.6万円,29.2万円,2LDK,60.2m2,https://suumo.jp/chintai/jnc_000072863843/?bc=100275067342
サンクレール荒川ブランガーデン,賃貸マンション,東京都荒川区荒川１,都電荒川線/三ノ輪橋駅 歩8分,築18年,18階建,10階,15万円,12000円,15万円,30万円,1SLDK,60.2m2,https://suumo.jp/chintai/jnc_000066454530/?bc=100275488355
サンクレール荒川ブランガーデン,賃貸マンション,東京都荒川区荒川１,都電荒川線/三ノ輪橋駅 歩8分,築18年,18階建,16階,15.6万円,12000円,15.6万円,31.2万円,2LDK,60.47m2,https://suumo.jp/chintai/jnc_000072088622/?bc=100274335924
サンクレール荒川ブランガーデン,賃貸マンション,東京都荒川区荒川１,都電荒川線/三ノ輪橋駅 歩8分,築18年,18階建,17階,15.7万円,12000円,15.7万円,31.4万円,2LDK,60.47m2,https://suumo.jp/chintai/jnc_000072863842/?bc=100275634071
サンクレール荒川ブランガーデン,賃貸マンション,東京都荒川区荒川１,都電荒川線/荒川一中前駅 歩4分,築18年,18階建,7階,7.9万円,8000円,7.9万円,7.9万円,ワンルーム,27.43m2,https://suumo.jp/chintai/jnc_000073063302/?bc=100276099439
サンクレール荒川ブランガーデン,賃貸マンション,東京都荒川区荒川１,都電荒川線/荒川一中前駅 歩4分,築18年,18階建,9階,8万円,8000円,8万円,8万円,ワンルーム,27.43m2,https://suumo.jp/chintai/jnc_000059823683/?bc=100276019194
サンクレール荒川ブランガーデン,賃貸マンション,東京都荒川区荒川１,都電荒川線/荒川一中前駅 歩4分,築18年,18階建,13階,8.2万円,8000円,8.2万円,8.2万円,ワンルーム,27.43m2,https://suumo.jp/chintai/jnc_000072863841/?bc=100275042823
サンクレール荒川ブランガーデン,賃貸マンション,東京都荒川区荒川１,都電荒川線/荒川一中前駅 歩4分,築18年,18階建,11階,13.9万円,12000円,13.9万円,27.8万円,1LDK,53.55m2,https://suumo.jp/chintai/jnc_000065824199/?bc=100236629516
サンクレール荒川ブランガーデン,賃貸マンション,東京都荒川区荒川１,都電荒川線/荒川一中前駅 歩4分,築18年,18階建,7階,14.6万円,12000円,14.6万円,29.2万円,2LDK,60.2m2,https://suumo.jp/chintai/jnc_000072863843/?bc=100275067342
サンクレール荒川ブランガーデン,賃貸マンション,東京都荒川区荒川１,都電荒川線/荒川一中前駅 歩4分,築18年,18階建,10階,15万円,12000円,15万円,30万円,1SLDK,60.2m2,https://suumo.jp/chintai/jnc_000066454530/?bc=100275488355
サンクレール荒川ブランガーデン,賃貸マンション,東京都荒川区荒川１,都電荒川線/荒川一中前駅 歩4分,築18年,18階建,16階,15.6万円,12000円,15.6万円,31.2万円,2LDK,60.47m2,https://suumo.jp/chintai/jnc_000072088622/?bc=100274335924
サンクレール荒川ブランガーデン,賃貸マンション,東京都荒川区荒川１,都電荒川線/荒川一中前駅 歩4分,築18年,18階建,17階,15.7万円,12000円,15.7万円,31.4万円,2LDK,60.47m2,https://suumo.jp/chintai/jnc_000072863842/?bc=100275634071
東京メトロ日比谷線 三ノ輪駅 18階建 築18年,賃貸マンション,東京都荒川区荒川１,東京メトロ日比谷線/三ノ輪駅 歩7分,築18年,18階建,7階,7.9万円,8000円,7.9万円,7.9万円,ワンルーム,27.43m2,https://suumo.jp/chintai/jnc_000073086940/?bc=100276182929
東京メトロ日比谷線 三ノ輪駅 18階建 築18年,賃貸マンション,東京都荒川区荒川１,東京メトロ日比谷線/三ノ輪駅 歩7分,築18年,18階建,9階,8万円,8000円,8万円,8万円,ワンルーム,27.43m2,https://suumo.jp/chintai/jnc_000059856243/?bc=100276146259
東京メトロ日比谷線 三ノ輪駅 18階建 築18年,賃貸マンション,東京都荒川区荒川１,東京メトロ日比谷線/三ノ輪駅 歩7分,築18年,18階建,13階,8.2万円,8000円,8.2万円,8.2万円,ワンルーム,27.43m2,https://suumo.jp/chintai/jnc_000072879172/?bc=100274986412
東京メトロ日比谷線 三ノ輪駅 18階建 築18年,賃貸マンション,東京都荒川区荒川１,東京メトロ日比谷線/三ノ輪駅 歩7分,築18年,18階建,11階,13.9万円,12000円,13.9万円,27.8万円,1LDK,53.55m2,https://suumo.jp/chintai/jnc_000065824200/?bc=100264666066
東京メトロ日比谷線 三ノ輪駅 18階建 築18年,賃貸マンション,東京都荒川区荒川１,東京メトロ日比谷線/三ノ輪駅 歩7分,築18年,18階建,7階,14.6万円,12000円,14.6万円,29.2万円,2LDK,60.2m2,https://suumo.jp/chintai/jnc_000072871078/?bc=100275029495
東京メトロ日比谷線 三ノ輪駅 18階建 築18年,賃貸マンション,東京都荒川区荒川１,東京メトロ日比谷線/三ノ輪駅 歩7分,築18年,18階建,10階,15万円,12000円,15万円,30万円,1SLDK,60.2m2,https://suumo.jp/chintai/jnc_000066454532/?bc=100275482299
東京メトロ日比谷線 三ノ輪駅 18階建 築18年,賃貸マンション,東京都荒川区荒川１,東京メトロ日比谷線/三ノ輪駅 歩7分,築18年,18階建,16階,15万円,12000円,15万円,30万円,2LDK,55.77m2,https://suumo.jp/chintai/jnc_000054086513/?bc=100272136444
東京メトロ日比谷線 三ノ輪駅 18階建 築18年,賃貸マンション,東京都荒川区荒川１,東京メトロ日比谷線/三ノ輪駅 歩7分,築18年,18階建,16階,15.6万円,12000円,15.6万円,31.2万円,2LDK,60.47m2,https://suumo.jp/chintai/jnc_000072097106/?bc=100275061172
東京メトロ日比谷線 三ノ輪駅 18階建 築18年,賃貸マンション,東京都荒川区荒川１,ＪＲ常磐線/三河島駅 歩14分,築18年,18階建,7階,7.9万円,8000円,7.9万円,7.9万円,ワンルーム,27.43m2,https://suumo.jp/chintai/jnc_000073086940/?bc=100276182929
東京メトロ日比谷線 三ノ輪駅 18階建 築18年,賃貸マンション,東京都荒川区荒川１,ＪＲ常磐線/三河島駅 歩14分,築18年,18階建,9階,8万円,8000円,8万円,8万円,ワンルーム,27.43m2,https://suumo.jp/chintai/jnc_000059856243/?bc=100276146259
東京メトロ日比谷線 三ノ輪駅 18階建 築18年,賃貸マンション,東京都荒川区荒川１,ＪＲ常磐線/三河島駅 歩14分,築18年,18階建,13階,8.2万円,8000円,8.2万円,8.2万円,ワンルーム,27.43m2,https://suumo.jp/chintai/jnc_000072879172/?bc=100274986412
東京メトロ日比谷線 三ノ輪駅 18階建 築18年,賃貸マンション,東京都荒川区荒川１,ＪＲ常磐線/三河島駅 歩14分,築18年,18階建,11階,13.9万円,12000円,13.9万円,27.8万円,1LDK,53.55m2,https://suumo.jp/chintai/jnc_000065824200/?bc=100264666066
東京メトロ日比谷線 三ノ輪駅 18階建 築18年,賃貸マンション,東京都荒川区荒川１,ＪＲ常磐線/三河島駅 歩14分,築18年,18階建,7階,14.6万円,12000円,14.6万円,29.2万円,2LDK,60.2m2,https://suumo.jp/chintai/jnc_000072871078/?bc=100275029495
東京メトロ日比谷線 三ノ輪駅 18階建 築18年,賃貸マンション,東京都荒川区荒川１,ＪＲ常磐線/三河島駅 歩14分,築18年,18階建,10階,15万円,12000円,15万円,30万円,1SLDK,60.2m2,https://suumo.jp/chintai/jnc_000066454532/?bc=100275482299
東京メトロ日比谷線 三ノ輪駅 18階建 築18年,賃貸マンション,東京都荒川区荒川１,ＪＲ常磐線/三河島駅 歩14分,築18年,18階建,16階,15万円,12000円,15万円,30万円,2LDK,55.77m2,https://suumo.jp/chintai/jnc_000054086513/?bc=100272136444
東京メトロ日比谷線 三ノ輪駅 18階建 築18年,賃貸マンション,東京都荒川区荒川１,ＪＲ常磐線/三河島駅 歩14分,築18年,18階建,16階,15.6万円,12000円,15.6万円,31.2万円,2LDK,60.47m2,https://suumo.jp/chintai/jnc_000072097106/?bc=100275061172
東京メトロ日比谷線 三ノ輪駅 18階建 築18年,賃貸マンション,東京都荒川区荒川１,東京メトロ日比谷線/入谷駅 歩22分,築18年,18階建,7階,7.9万円,8000円,7.9万円,7.9万円,ワンルーム,27.43m2,https://suumo.jp/chintai/jnc_000073086940/?bc=100276182929
東京メトロ日比谷線 三ノ輪駅 18階建 築18年,賃貸マンション,東京都荒川区荒川１,東京メトロ日比谷線/入谷駅 歩22分,築18年,18階建,9階,8万円,8000円,8万円,8万円,ワンルーム,27.43m2,https://suumo.jp/chintai/jnc_000059856243/?bc=100276146259
東京メトロ日比谷線 三ノ輪駅 18階建 築18年,賃貸マンション,東京都荒川区荒川１,東京メトロ日比谷線/入谷駅 歩22分,築18年,18階建,13階,8.2万円,8000円,8.2万円,8.2万円,ワンルーム,27.43m2,https://suumo.jp/chintai/jnc_000072879172/?bc=100274986412
東京メトロ日比谷線 三ノ輪駅 18階建 築18年,賃貸マンション,東京都荒川区荒川１,東京メトロ日比谷線/入谷駅 歩22分,築18年,18階建,11階,13.9万円,12000円,13.9万円,27.8万円,1LDK,53.55m2,https://suumo.jp/chintai/jnc_000065824200/?bc=100264666066
東京メトロ日比谷線 三ノ輪駅 18階建 築18年,賃貸マンション,東京都荒川区荒川１,東京メトロ日比谷線/入谷駅 歩22分,築18年,18階建,7階,14.6万円,12000円,14.6万円,29.2万円,2LDK,60.2m2,https://suumo.jp/chintai/jnc_000072871078/?bc=100275029495
東京メトロ日比谷線 三ノ輪駅 18階建 築18年,賃貸マンション,東京都荒川区荒川１,東京メトロ日比谷線/入谷駅 歩22分,築18年,18階建,10階,15万円,12000円,15万円,30万円,1SLDK,60.2m2,https://suumo.jp/chintai/jnc_000066454532/?bc=100275482299
東京メトロ日比谷線 三ノ輪駅 18階建 築18年,賃貸マンション,東京都荒川区荒川１,東京メトロ日比谷線/入谷駅 歩22分,築18年,18階建,16階,15万円,12000円,15万円,30万円,2LDK,55.77m2,https://suumo.jp/chintai/jnc_000054086513/?bc=100272136444
東京メトロ日比谷線 三ノ輪駅 18階建 築18年,賃貸マンション,東京都荒川区荒川１,東京メトロ日比谷線/入谷駅 歩22分,築18年,18階建,16階,15.6万円,12000円,15.6万円,31.2万円,2LDK,60.47m2,https://suumo.jp/chintai/jnc_000072097106/?bc=100275061172
ｌａ・ｃａｓａ・ｆｅｌｉｃｅ,賃貸アパート,東京都葛飾区西亀有２,ＪＲ常磐線/綾瀬駅 歩10分,築6年,3階建,1階,8.6万円,5500円,-,8.6万円,ワンルーム,29.36m2,https://suumo.jp/chintai/jnc_000073036253/?bc=100274434530
ｌａ・ｃａｓａ・ｆｅｌｉｃｅ,賃貸アパート,東京都葛飾区西亀有２,ＪＲ常磐線/綾瀬駅 歩10分,築6年,3階建,3階,10.5万円,5500円,-,10.5万円,1LDK,37.06m2,https://suumo.jp/chintai/jnc_000073043182/?bc=100275909262
ｌａ・ｃａｓａ・ｆｅｌｉｃｅ,賃貸アパート,東京都葛飾区西亀有２,ＪＲ常磐線/亀有駅 歩20分,築6年,3階建,1階,8.6万円,5500円,-,8.6万円,ワンルーム,29.36m2,https://suumo.jp/chintai/jnc_000073036253/?bc=100274434530
ｌａ・ｃａｓａ・ｆｅｌｉｃｅ,賃貸アパート,東京都葛飾区西亀有２,ＪＲ常磐線/亀有駅 歩20分,築6年,3階建,3階,10.5万円,5500円,-,10.5万円,1LDK,37.06m2,https://suumo.jp/chintai/jnc_000073043182/?bc=100275909262
ｌａ・ｃａｓａ・ｆｅｌｉｃｅ,賃貸アパート,東京都葛飾区西亀有２,京成本線/堀切菖蒲園駅 歩21分,築6年,3階建,1階,8.6万円,5500円,-,8.6万円,ワンルーム,29.36m2,https://suumo.jp/chintai/jnc_000073036253/?bc=100274434530
ｌａ・ｃａｓａ・ｆｅｌｉｃｅ,賃貸アパート,東京都葛飾区西亀有２,京成本線/堀切菖蒲園駅 歩21分,築6年,3階建,3階,10.5万円,5500円,-,10.5万円,1LDK,37.06m2,https://suumo.jp/chintai/jnc_000073043182/?bc=100275909262
ル シエル ブルー,賃貸マンション,東京都江戸川区上篠崎３,都営新宿線/篠崎駅 歩9分,新築,3階建,1階,10.4万円,-,10.4万円,15.6万円,1LDK,44.46m2,https://suumo.jp/chintai/jnc_000073087186/?bc=100276103755
ル シエル ブルー,賃貸マンション,東京都江戸川区上篠崎３,都営新宿線/篠崎駅 歩9分,新築,3階建,1階,10.5万円,-,10.5万円,15.75万円,1LDK,47.79m2,https://suumo.jp/chintai/jnc_000073087188/?bc=100276103722
ル シエル ブルー,賃貸マンション,東京都江戸川区上篠崎３,都営新宿線/篠崎駅 歩9分,新築,3階建,3階,10.5万円,-,10.5万円,15.75万円,1LDK,47.79m2,https://suumo.jp/chintai/jnc_000073097777/?bc=100276147674
ル シエル ブルー,賃貸マンション,東京都江戸川区上篠崎３,都営新宿線/篠崎駅 歩9分,新築,3階建,1階,10.5万円,-,10.5万円,15.75万円,1LDK,45.26m2,https://suumo.jp/chintai/jnc_000073087185/?bc=100276103624
ル シエル ブルー,賃貸マンション,東京都江戸川区上篠崎３,都営新宿線/篠崎駅 歩9分,新築,3階建,1階,10.7万円,-,10.7万円,16.05万円,1LDK,46.97m2,https://suumo.jp/chintai/jnc_000073087187/?bc=100276103633
ル シエル ブルー,賃貸マンション,東京都江戸川区上篠崎３,都営新宿線/篠崎駅 歩9分,新築,3階建,2階,10.8万円,-,10.8万円,16.2万円,1LDK,44.46m2,https://suumo.jp/chintai/jnc_000073087190/?bc=100276103811
ル シエル ブルー,賃貸マンション,東京都江戸川区上篠崎３,都営新宿線/篠崎駅 歩9分,新築,3階建,2階,10.9万円,-,10.9万円,16.35万円,1LDK,47.79m2,https://suumo.jp/chintai/jnc_000073087192/?bc=100276103697
ル シエル ブルー,賃貸マンション,東京都江戸川区上篠崎３,都営新宿線/篠崎駅 歩9分,新築,3階建,2階,10.9万円,-,10.9万円,16.35万円,1LDK,45.26m2,https://suumo.jp/chintai/jnc_000073087189/?bc=100276103798
ル シエル ブルー,賃貸マンション,東京都江戸川区上篠崎３,都営新宿線/篠崎駅 歩9分,新築,3階建,3階,10.9万円,-,10.9万円,16.35万円,1LDK,44.46m2,https://suumo.jp/chintai/jnc_000073087194/?bc=100276103464
ル シエル ブルー,賃貸マンション,東京都江戸川区上篠崎３,都営新宿線/篠崎駅 歩9分,新築,3階建,3階,11万円,-,11万円,16.5万円,1LDK,45.26m2,https://suumo.jp/chintai/jnc_000073087193/?bc=100276123997
ル シエル ブルー,賃貸マンション,東京都江戸川区上篠崎３,都営新宿線/篠崎駅 歩9分,新築,3階建,2階,11.1万円,-,11.1万円,16.65万円,1LDK,46.97m2,https://suumo.jp/chintai/jnc_000073087191/?bc=100276103667
ル シエル ブルー,賃貸マンション,東京都江戸川区上篠崎３,ＪＲ総武線/小岩駅 バス18分 (バス停)本郷 歩6分,新築,3階建,1階,10.4万円,-,10.4万円,15.6万円,1LDK,44.46m2,https://suumo.jp/chintai/jnc_000073087186/?bc=100276103755
ル シエル ブルー,賃貸マンション,東京都江戸川区上篠崎３,ＪＲ総武線/小岩駅 バス18分 (バス停)本郷 歩6分,新築,3階建,1階,10.5万円,-,10.5万円,15.75万円,1LDK,47.79m2,https://suumo.jp/chintai/jnc_000073087188/?bc=100276103722
ル シエル ブルー,賃貸マンション,東京都江戸川区上篠崎３,ＪＲ総武線/小岩駅 バス18分 (バス停)本郷 歩6分,新築,3階建,3階,10.5万円,-,10.5万円,15.75万円,1LDK,47.79m2,https://suumo.jp/chintai/jnc_000073097777/?bc=100276147674
ル シエル ブルー,賃貸マンション,東京都江戸川区上篠崎３,ＪＲ総武線/小岩駅 バス18分 (バス停)本郷 歩6分,新築,3階建,1階,10.5万円,-,10.5万円,15.75万円,1LDK,45.26m2,https://suumo.jp/chintai/jnc_000073087185/?bc=100276103624
ル シエル ブルー,賃貸マンション,東京都江戸川区上篠崎３,ＪＲ総武線/小岩駅 バス18分 (バス停)本郷 歩6分,新築,3階建,1階,10.7万円,-,10.7万円,16.05万円,1LDK,46.97m2,https://suumo.jp/chintai/jnc_000073087187/?bc=100276103633
ル シエル ブルー,賃貸マンション,東京都江戸川区上篠崎３,ＪＲ総武線/小岩駅 バス18分 (バス停)本郷 歩6分,新築,3階建,2階,10.8万円,-,10.8万円,16.2万円,1LDK,44.46m2,https://suumo.jp/chintai/jnc_000073087190/?bc=100276103811
ル シエル ブルー,賃貸マンション,東京都江戸川区上篠崎３,ＪＲ総武線/小岩駅 バス18分 (バス停)本郷 歩6分,新築,3階建,2階,10.9万円,-,10.9万円,16.35万円,1LDK,47.79m2,https://suumo.jp/chintai/jnc_000073087192/?bc=100276103697
ル シエル ブルー,賃貸マンション,東京都江戸川区上篠崎３,ＪＲ総武線/小岩駅 バス18分 (バス停)本郷 歩6分,新築,3階建,2階,10.9万円,-,10.9万円,16.35万円,1LDK,45.26m2,https://suumo.jp/chintai/jnc_000073087189/?bc=100276103798
ル シエル ブルー,賃貸マンション,東京都江戸川区上篠崎３,ＪＲ総武線/小岩駅 バス18分 (バス停)本郷 歩6分,新築,3階建,3階,10.9万円,-,10.9万円,16.35万円,1LDK,44.46m2,https://suumo.jp/chintai/jnc_000073087194/?bc=100276103464
ル シエル ブルー,賃貸マンション,東京都江戸川区上篠崎３,ＪＲ総武線/小岩駅 バス18分 (バス停)本郷 歩6分,新築,3階建,3階,11万円,-,11万円,16.5万円,1LDK,45.26m2,https://suumo.jp/chintai/jnc_000073087193/?bc=100276123997
ル シエル ブルー,賃貸マンション,東京都江戸川区上篠崎３,ＪＲ総武線/小岩駅 バス18分 (バス停)本郷 歩6分,新築,3階建,2階,11.1万円,-,11.1万円,16.65万円,1LDK,46.97m2,https://suumo.jp/chintai/jnc_000073087191/?bc=100276103667
ル シエル ブルー,賃貸マンション,東京都江戸川区上篠崎３,都営新宿線/瑞江駅 バス24分 (バス停)新皆面橋 歩2分,新築,3階建,1階,10.4万円,-,10.4万円,15.6万円,1LDK,44.46m2,https://suumo.jp/chintai/jnc_000073087186/?bc=100276103755
ル シエル ブルー,賃貸マンション,東京都江戸川区上篠崎３,都営新宿線/瑞江駅 バス24分 (バス停)新皆面橋 歩2分,新築,3階建,1階,10.5万円,-,10.5万円,15.75万円,1LDK,47.79m2,https://suumo.jp/chintai/jnc_000073087188/?bc=100276103722
ル シエル ブルー,賃貸マンション,東京都江戸川区上篠崎３,都営新宿線/瑞江駅 バス24分 (バス停)新皆面橋 歩2分,新築,3階建,3階,10.5万円,-,10.5万円,15.75万円,1LDK,47.79m2,https://suumo.jp/chintai/jnc_000073097777/?bc=100276147674
ル シエル ブルー,賃貸マンション,東京都江戸川区上篠崎３,都営新宿線/瑞江駅 バス24分 (バス停)新皆面橋 歩2分,新築,3階建,1階,10.5万円,-,10.5万円,15.75万円,1LDK,45.26m2,https://suumo.jp/chintai/jnc_000073087185/?bc=100276103624
ル シエル ブルー,賃貸マンション,東京都江戸川区上篠崎３,都営新宿線/瑞江駅 バス24分 (バス停)新皆面橋 歩2分,新築,3階建,1階,10.7万円,-,10.7万円,16.05万円,1LDK,46.97m2,https://suumo.jp/chintai/jnc_000073087187/?bc=100276103633
ル シエル ブルー,賃貸マンション,東京都江戸川区上篠崎３,都営新宿線/瑞江駅 バス24分 (バス停)新皆面橋 歩2分,新築,3階建,2階,10.8万円,-,10.8万円,16.2万円,1LDK,44.46m2,https://suumo.jp/chintai/jnc_000073087190/?bc=100276103811
ル シエル ブルー,賃貸マンション,東京都江戸川区上篠崎３,都営新宿線/瑞江駅 バス24分 (バス停)新皆面橋 歩2分,新築,3階建,2階,10.9万円,-,10.9万円,16.35万円,1LDK,47.79m2,https://suumo.jp/chintai/jnc_000073087192/?bc=100276103697
ル シエル ブルー,賃貸マンション,東京都江戸川区上篠崎３,都営新宿線/瑞江駅 バス24分 (バス停)新皆面橋 歩2分,新築,3階建,2階,10.9万円,-,10.9万円,16.35万円,1LDK,45.26m2,https://suumo.jp/chintai/jnc_000073087189/?bc=100276103798
ル シエル ブルー,賃貸マンション,東京都江戸川区上篠崎３,都営新宿線/瑞江駅 バス24分 (バス停)新皆面橋 歩2分,新築,3階建,3階,10.9万円,-,10.9万円,16.35万円,1LDK,44.46m2,https://suumo.jp/chintai/jnc_000073087194/?bc=100276103464
ル シエル ブルー,賃貸マンション,東京都江戸川区上篠崎３,都営新宿線/瑞江駅 バス24分 (バス停)新皆面橋 歩2分,新築,3階建,3階,11万円,-,11万円,16.5万円,1LDK,45.26m2,https://suumo.jp/chintai/jnc_000073087193/?bc=100276123997
ル シエル ブルー,賃貸マンション,東京都江戸川区上篠崎３,都営新宿線/瑞江駅 バス24分 (バス停)新皆面橋 歩2分,新築,3階建,2階,11.1万円,-,11.1万円,16.65万円,1LDK,46.97m2,https://suumo.jp/chintai/jnc_000073087191/?bc=100276103667
シャンテ東日暮里,賃貸アパート,東京都荒川区東日暮里３,ＪＲ常磐線/三河島駅 歩7分,築12年,3階建,1階,4.9万円,4000円,-,-,ワンルーム,10.72m2,https://suumo.jp/chintai/jnc_000071436302/?bc=100270366178
シャンテ東日暮里,賃貸アパート,東京都荒川区東日暮里３,ＪＲ常磐線/三河島駅 歩7分,築12年,3階建,3階,5.5万円,3000円,-,-,ワンルーム,10.56m2,https://suumo.jp/chintai/jnc_000071963492/?bc=100271743384
シャンテ東日暮里,賃貸アパート,東京都荒川区東日暮里３,ＪＲ山手線/日暮里駅 歩14分,築12年,3階建,1階,4.9万円,4000円,-,-,ワンルーム,10.72m2,https://suumo.jp/chintai/jnc_000071436302/?bc=100270366178
シャンテ東日暮里,賃貸アパート,東京都荒川区東日暮里３,ＪＲ山手線/日暮里駅 歩14分,築12年,3階建,3階,5.5万円,3000円,-,-,ワンルーム,10.56m2,https://suumo.jp/chintai/jnc_000071963492/?bc=100271743384
シャンテ東日暮里,賃貸アパート,東京都荒川区東日暮里３,東京メトロ日比谷線/三ノ輪駅 歩13分,築12年,3階建,1階,4.9万円,4000円,-,-,ワンルーム,10.72m2,https://suumo.jp/chintai/jnc_000071436302/?bc=100270366178
シャンテ東日暮里,賃貸アパート,東京都荒川区東日暮里３,東京メトロ日比谷線/三ノ輪駅 歩13分,築12年,3階建,3階,5.5万円,3000円,-,-,ワンルーム,10.56m2,https://suumo.jp/chintai/jnc_000071963492/?bc=100271743384
西武新宿線 武蔵関駅 2階建 築9年,賃貸アパート,東京都練馬区石神井台７,西武新宿線/武蔵関駅 歩6分,築9年,2階建,2階,12.8万円,5500円,-,12.8万円,2LDK,57.97m2,https://suumo.jp/chintai/jnc_000072258176/?bc=100276088377
西武新宿線 武蔵関駅 2階建 築9年,賃貸アパート,東京都練馬区石神井台７,西武新宿線/武蔵関駅 歩6分,築9年,2階建,2階,12.8万円,5500円,-,12.8万円,2LDK,57.97m2,https://suumo.jp/chintai/jnc_000072271866/?bc=100271584046
西武新宿線 武蔵関駅 2階建 築9年,賃貸アパート,東京都練馬区石神井台７,西武新宿線/上石神井駅 歩19分,築9年,2階建,2階,12.8万円,5500円,-,12.8万円,2LDK,57.97m2,https://suumo.jp/chintai/jnc_000072258176/?bc=100276088377
西武新宿線 武蔵関駅 2階建 築9年,賃貸アパート,東京都練馬区石神井台７,西武新宿線/上石神井駅 歩19分,築9年,2階建,2階,12.8万円,5500円,-,12.8万円,2LDK,57.97m2,https://suumo.jp/chintai/jnc_000072271866/?bc=100271584046
西武新宿線 武蔵関駅 2階建 築9年,賃貸アパート,東京都練馬区石神井台７,西武新宿線/東伏見駅 歩19分,築9年,2階建,2階,12.8万円,5500円,-,12.8万円,2LDK,57.97m2,https://suumo.jp/chintai/jnc_000072258176/?bc=100276088377
西武新宿線 武蔵関駅 2階建 築9年,賃貸アパート,東京都練馬区石神井台７,西武新宿線/東伏見駅 歩19分,築9年,2階建,2階,12.8万円,5500円,-,12.8万円,2LDK,57.97m2,https://suumo.jp/chintai/jnc_000072271866/?bc=100271584046
セルカリーオＵ,賃貸マンション,東京都江戸川区一之江７,都営新宿線/一之江駅 歩2分,築20年,4階建,3階,12.4万円,5000円,-,-,2LDK,57.6m2,https://suumo.jp/chintai/jnc_000053146488/?bc=100276177295
セルカリーオＵ,賃貸マンション,東京都江戸川区一之江７,都営新宿線/船堀駅 歩23分,築20年,4階建,3階,12.4万円,5000円,-,-,2LDK,57.6m2,https://suumo.jp/chintai/jnc_000053146488/?bc=100276177295
セルカリーオＵ,賃貸マンション,東京都江戸川区一之江７,都営新宿線/瑞江駅 歩24分,築20年,4階建,3階,12.4万円,5000円,-,-,2LDK,57.6m2,https://suumo.jp/chintai/jnc_000053146488/?bc=100276177295
都営新宿線 一之江駅 4階建 築20年,賃貸マンション,東京都江戸川区一之江７,都営新宿線/一之江駅 歩2分,築20年,4階建,3階,12.4万円,5000円,-,-,2LDK,57.6m2,https://suumo.jp/chintai/jnc_000053146489/?bc=100276071025
都営新宿線 一之江駅 4階建 築20年,賃貸マンション,東京都江戸川区一之江７,都営新宿線/船堀駅 歩23分,築20年,4階建,3階,12.4万円,5000円,-,-,2LDK,57.6m2,https://suumo.jp/chintai/jnc_000053146489/?bc=100276071025
都営新宿線 一之江駅 4階建 築20年,賃貸マンション,東京都江戸川区一之江７,都営新宿線/瑞江駅 歩24分,築20年,4階建,3階,12.4万円,5000円,-,-,2LDK,57.6m2,https://suumo.jp/chintai/jnc_000053146489/?bc=100276071025
プレシス東神田,賃貸マンション,東京都千代田区東神田１,東京メトロ日比谷線/秋葉原駅 歩7分,築11年,13階建,5階,14.7万円,15000円,14.7万円,14.7万円,1LDK,39.79m2,https://suumo.jp/chintai/jnc_000072793101/?bc=100276136789
プレシス東神田,賃貸マンション,東京都千代田区東神田１,東京メトロ日比谷線/秋葉原駅 歩7分,築11年,13階建,13階,15万円,20000円,-,15万円,1LDK,40.3m2,https://suumo.jp/chintai/jnc_000043819744/?bc=100275311466
プレシス東神田,賃貸マンション,東京都千代田区東神田１,東京メトロ日比谷線/秋葉原駅 歩7分,築11年,13階建,11階,16.5万円,5000円,16.5万円,16.5万円,1LDK,40m2,https://suumo.jp/chintai/jnc_000072985621/?bc=100275491628
プレシス東神田,賃貸マンション,東京都千代田区東神田１,東京メトロ日比谷線/秋葉原駅 歩7分,築11年,13階建,11階,16.5万円,5000円,16.5万円,16.5万円,1LDK,40m2,https://suumo.jp/chintai/jnc_000072778571/?bc=100274354731
プレシス東神田,賃貸マンション,東京都千代田区東神田１,東京メトロ日比谷線/秋葉原駅 歩7分,築11年,13階建,3階,16.5万円,10000円,16.5万円,16.5万円,1LDK,45.27m2,https://suumo.jp/chintai/jnc_000071816006/?bc=100273003848
プレシス東神田,賃貸マンション,東京都千代田区東神田１,ＪＲ総武線快速/馬喰町駅 歩5分,築11年,13階建,5階,14.7万円,15000円,14.7万円,14.7万円,1LDK,39.79m2,https://suumo.jp/chintai/jnc_000072793101/?bc=100276136789
プレシス東神田,賃貸マンション,東京都千代田区東神田１,ＪＲ総武線快速/馬喰町駅 歩5分,築11年,13階建,13階,15万円,20000円,-,15万円,1LDK,40.3m2,https://suumo.jp/chintai/jnc_000043819744/?bc=100275311466
プレシス東神田,賃貸マンション,東京都千代田区東神田１,ＪＲ総武線快速/馬喰町駅 歩5分,築11年,13階建,11階,16.5万円,5000円,16.5万円,16.5万円,1LDK,40m2,https://suumo.jp/chintai/jnc_000072985621/?bc=100275491628
プレシス東神田,賃貸マンション,東京都千代田区東神田１,ＪＲ総武線快速/馬喰町駅 歩5分,築11年,13階建,11階,16.5万円,5000円,16.5万円,16.5万円,1LDK,40m2,https://suumo.jp/chintai/jnc_000072778571/?bc=100274354731
プレシス東神田,賃貸マンション,東京都千代田区東神田１,ＪＲ総武線快速/馬喰町駅 歩5分,築11年,13階建,3階,16.5万円,10000円,16.5万円,16.5万円,1LDK,45.27m2,https://suumo.jp/chintai/jnc_000071816006/?bc=100273003848
プレシス東神田,賃貸マンション,東京都千代田区東神田１,都営新宿線/岩本町駅 歩6分,築11年,13階建,5階,14.7万円,15000円,14.7万円,14.7万円,1LDK,39.79m2,https://suumo.jp/chintai/jnc_000072793101/?bc=100276136789
プレシス東神田,賃貸マンション,東京都千代田区東神田１,都営新宿線/岩本町駅 歩6分,築11年,13階建,13階,15万円,20000円,-,15万円,1LDK,40.3m2,https://suumo.jp/chintai/jnc_000043819744/?bc=100275311466
プレシス東神田,賃貸マンション,東京都千代田区東神田１,都営新宿線/岩本町駅 歩6分,築11年,13階建,11階,16.5万円,5000円,16.5万円,16.5万円,1LDK,40m2,https://suumo.jp/chintai/jnc_000072985621/?bc=100275491628
プレシス東神田,賃貸マンション,東京都千代田区東神田１,都営新宿線/岩本町駅 歩6分,築11年,13階建,11階,16.5万円,5000円,16.5万円,16.5万円,1LDK,40m2,https://suumo.jp/chintai/jnc_000072778571/?bc=100274354731
プレシス東神田,賃貸マンション,東京都千代田区東神田１,都営新宿線/岩本町駅 歩6分,築11年,13階建,3階,16.5万円,10000円,16.5万円,16.5万円,1LDK,45.27m2,https://suumo.jp/chintai/jnc_000071816006/?bc=100273003848
エレガンスパーク,賃貸マンション,東京都葛飾区亀有２,ＪＲ常磐線/亀有駅 歩9分,築34年,3階建,1階,8.4万円,2000円,8.4万円,4.2万円,2LDK,55.08m2,https://suumo.jp/chintai/jnc_000073076755/?bc=100276146099
エレガンスパーク,賃貸マンション,東京都葛飾区亀有２,京成本線/お花茶屋駅 歩20分,築34年,3階建,1階,8.4万円,2000円,8.4万円,4.2万円,2LDK,55.08m2,https://suumo.jp/chintai/jnc_000073076755/?bc=100276146099
エレガンスパーク,賃貸マンション,東京都葛飾区亀有２,東京メトロ千代田線/綾瀬駅 歩28分,築34年,3階建,1階,8.4万円,2000円,8.4万円,4.2万円,2LDK,55.08m2,https://suumo.jp/chintai/jnc_000073076755/?bc=100276146099
